[
  {
    "signature": "sha256:1ed86d2addbe321eacf58c425a2b2cacf89aa60fdf153b220b9a619208190b48",
    "size": 7955772,
    "mods": [
      {
        "modId": "FML",
        "name": "Forge Mod Loader",
        "version": "7.10.25.1207",
        "description": "The Forge Mod Loader provides the ability for systems to load mods from the file system. It also provides key capabilities for mods to be able to cooperate and provide a good modding environment. ",
        "url": "https://github.com/MinecraftForge/FML/wiki",
        "updateUrl": "https://github.com/MinecraftForge/FML/wiki",
        "credits": "Made possible with help from many people",
        "parent": "",
        "authors": [
          "cpw",
          "LexManos",
          "Player"
        ],
        "mcVersion": "[1.7.10,1.7.10]",
        "requiredMods": [],
        "dependants": [],
        "dependencies": []
      },
      {
        "modId": "Forge",
        "name": "Minecraft Forge",
        "version": "10.13.0.1207",
        "description": "Minecraft Forge is a common open source API allowing a broad range of mods to work cooperatively together. It allows many mods to be created without them editing the main Minecraft code.",
        "url": "http://MinecraftForge.net",
        "updateUrl": "http://MinecraftForge.net/forum/index.php/topic,5.0.html",
        "credits": "Made possible with help from many people",
        "parent": "",
        "authors": [
          "LexManos",
          "Eloraam",
          "Spacetoad"
        ],
        "mcVersion": "[1.7.10,1.7.10]",
        "requiredMods": [],
        "dependants": [],
        "dependencies": []
      }
    ],
    "tweakers": [
      {
        "plugin": "FMLCorePlugin",
        "class": "cpw.mods.fml.relauncher.FMLCorePlugin"
      },
      {
        "plugin": "FMLForgePlugin",
        "class": "net.minecraftforge.classloading.FMLForgePlugin"
      }
    ],
    "classTransformers": [
      "cpw.mods.fml.common.asm.transformers.ModAPITransformer",
      "cpw.mods.fml.common.asm.transformers.AccessTransformer",
      "cpw.mods.fml.common.asm.transformers.TerminalTransformer",
      "cpw.mods.fml.common.asm.transformers.SideTransformer",
      "cpw.mods.fml.common.asm.transformers.EventSubscriptionTransformer",
      "cpw.mods.fml.common.asm.transformers.PatchingTransformer",
      "net.minecraftforge.transformers.ForgeAccessTransformer",
      "cpw.mods.fml.common.asm.transformers.DeobfuscationTransformer",
      "cpw.mods.fml.common.asm.transformers.MarkerTransformer",
      "cpw.mods.fml.common.asm.transformers.ModAccessTransformer"
    ],
    "packages": [
      "org.bukkit.scheduler",
      "org.bukkit.craftbukkit.v1_7_R4.help",
      "org.bukkit.event.hanging",
      "org.apache.logging.log4j.core.appender",
      "guava10.com.google.common.util.concurrent",
      "net.minecraftforge.common.network",
      "cpw.mods.fml.client",
      "cpw.mods.fml.common.eventhandler",
      "org.bukkit.craftbukkit.v1_7_R4.metadata",
      "net.minecraftforge.cauldron.configuration",
      "org.bukkit.craftbukkit.v1_7_R4.command",
      "org.bukkit.util.io",
      "org.bukkit.event.painting",
      "org.bukkit.configuration",
      "cpw.mods.fml.common.network.simpleimpl",
      "org.bukkit.plugin",
      "cpw.mods.fml.common.registry",
      "net.minecraftforge.client.model.obj",
      "net.minecraftforge.oredict",
      "org.bukkit.conversations",
      "cpw.mods.fml.common",
      "guava10.com.google.common.base",
      "org.bukkit.event.player",
      "cpw.mods.fml.common.network",
      "org.bukkit.craftbukkit.v1_7_R4.enchantments",
      "org.bukkit.enchantments",
      "org.bukkit.projectiles",
      "cpw.mods.fml.common.asm",
      "net.minecraft.tileentity",
      "net.minecraftforge.common.chunkio",
      "org.bukkit.configuration.serialization",
      "net.minecraftforge.event.entity",
      "org.bukkit.event.vehicle",
      "org.spigotmc.event.entity",
      "cpw.mods.fml.common.functions",
      "org.bukkit.craftbukkit.v1_7_R4.inventory",
      "org.bukkit.event.server",
      "net.minecraftforge.event.brewing",
      "org.bukkit.plugin.messaging",
      "org.bukkit.configuration.file",
      "org.bukkit.event.entity",
      "cpw.mods.fml.common.launcher",
      "cpw.mods.fml.common.patcher",
      "net.minecraftforge.event.entity.item",
      "org.bukkit.craftbukkit.v1_7_R4.event",
      "net.minecraft.server.network",
      "cpw.mods.fml.common.toposort",
      "net.minecraftforge.cauldron.apiimpl.inventory",
      "net.minecraftforge.client.gui",
      "cpw.mods.fml.client.config",
      "cpw.mods.fml.common.asm.transformers",
      "org.bukkit.util.noise",
      "org.bukkit.material",
      "jline",
      "net.minecraft.entity",
      "net.minecraftforge.server",
      "org.bukkit.event",
      "cpw.mods.fml.common.gameevent",
      "net.minecraft.inventory",
      "net.minecraftforge.cauldron.block",
      "org.bukkit.craftbukkit.v1_7_R4.conversations",
      "net.minecraftforge.event.terraingen",
      "net.minecraftforge.event.entity.living",
      "org.bukkit.craftbukkit.v1_7_R4.projectiles",
      "org.bukkit.event.world",
      "org.bukkit.map",
      "org.spigotmc",
      "net.minecraftforge.cauldron.apiimpl",
      "org.bukkit.craftbukkit.v1_7_R4.generator",
      "net.minecraftforge.event.entity.player",
      "org.bukkit.event.weather",
      "cpw.mods.fml.client.event",
      "org.bukkit.craftbukkit.v1_7_R4.entity",
      "paulscode.sound.codecs",
      "net.minecraftforge.client.event.sound",
      "org.bukkit.event.enchantment",
      "net.minecraftforge.client.model",
      "net.minecraftforge.cauldron.inventory",
      "net.minecraftforge.client.event",
      "net.minecraftforge.event.world",
      "net.minecraftforge.common.config",
      "cpw.mods.fml.relauncher",
      "net.minecraftforge.transformers",
      "org.bukkit.command.defaults",
      "org.bukkit.inventory.meta",
      "org.bukkit.event.block",
      "cpw.mods.fml.common.discovery.asm",
      "org.bukkit",
      "org.bukkit.inventory",
      "net.minecraftforge.cauldron",
      "org.bukkit.block",
      "cpw.mods.fml.client.registry",
      "net.minecraftforge.event.entity.minecart",
      "cpw.mods.fml.common.network.handshake",
      "org.bukkit.craftbukkit.v1_7_R4.scoreboard",
      "org.bukkit.entity",
      "net.minecraftforge.common",
      "guava10.com.google.common.collect",
      "net.minecraft.src",
      "org.bukkit.craftbukkit.v1_7_R4.block",
      "net.minecraftforge.client.model.techne",
      "net.minecraftforge.fluids",
      "org.bukkit.generator",
      "org.bukkit.plugin.java",
      "org.bukkit.event.inventory",
      "org.bukkit.craftbukkit.v1_7_R4",
      "cpw.mods.fml.server",
      "org.bukkit.util.permissions",
      "org.bukkit.craftbukkit.v1_7_R4.map",
      "org.bukkit.scoreboard",
      "org.bukkit.help",
      "cpw.mods.fml.repackage.com.nothome.delta",
      "org.bukkit.craftbukkit.v1_7_R4.util",
      "org.bukkit.craftbukkit.v1_7_R4.scheduler",
      "cpw.mods.fml.common.network.internal",
      "net.minecraftforge.cauldron.api.inventory",
      "net.minecraftforge.common.util",
      "jline.internal",
      "org.bukkit.potion",
      "net.minecraftforge.classloading",
      "cpw.mods.fml.common.versioning",
      "guava10.com.google.common.cache",
      "guava10.com.google.common.net",
      "guava10.com.google.common.eventbus",
      "guava10.com.google.common.primitives",
      "cpw.mods.fml.common.asm.transformers.deobf",
      "guava10.com.google.common.annotations",
      "net.minecraftforge.cauldron.api",
      "cpw.mods.fml.common.event",
      "org.bukkit.command",
      "org.bukkit.entity.minecart",
      "org.bukkit.metadata",
      "net.minecraftforge.cauldron.command",
      "net.minecraftforge.cauldron.entity",
      "net.minecraftforge.client",
      "cpw.mods.fml.common.discovery",
      "guava10.com.google.common.base.internal",
      "org.bukkit.permissions",
      "org.bukkit.craftbukkit.v1_7_R4.potion",
      "guava10.com.google.common.io",
      "org.bukkit.craftbukkit.v1_7_R4.updater",
      "org.bukkit.util",
      "net.minecraftforge.event",
      "net.minecraftforge.server.command",
      "ibxm"
    ],
    "type": "file_info"
  }
]