[
  {
    "signatures": [
      {
        "signature": "sha256:7135209ae9d41c778590bb77800d6596f438780b6e90f2eed7c31696063a53c0",
        "filename": "liquid-xp-59.0.0.jar"
      },
      {
        "signature": "sha256:e07ac40187cb2b94fb1de3d4494b384bae97ead6e8f51a32229edfd8b3471ac3",
        "filename": "BluePower-1.7.10-0.1.755-universal.jar"
      },
      {
        "signature": "sha256:9457fe89af0bd44b408cc84dc5d71a53bd4959c4a5563a1b863d8dc54df92b42",
        "filename": "Ultratech-1.7.10-0.9.6.1.jar"
      },
      {
        "signature": "sha256:484fb71a8e516ef1224abfacbd1b2ca0ec6ab00e62ba2725694994da1fec905b",
        "filename": "MineFactoryReloaded-[1.7.10]2.8.0RC3-591.jar"
      },
      {
        "signature": "sha256:08f5280c332b4c1b1cb183d8011b30c58e10bce356ed542959284949497870f6",
        "filename": "EnderIO-1.7.10-2.0.8.221.jar"
      },
      {
        "signature": "sha256:a46ad76728728dd29be06786c6e62040813fa409b3cb7c367dd8d9e616f08ce9",
        "filename": "ttCore-MC1.7.10-0.0.2-19.jar"
      },
      {
        "signature": "sha256:d6523f4bd0cd0099e95249e2703cf8742c4169cddedb213cca0578523a8c22e5",
        "filename": "Railcraft_1.7.10-9.3.1.0.jar"
      },
      {
        "signature": "sha256:2bc20a85683ad696f8a3bb6e97cd92a03e79f7138c4d9eebc32425709264bddc",
        "filename": "CoFHCore-[1.7.10]3.0.0B6-32.jar"
      },
      {
        "signature": "sha256:01148a2f34ed56f515bca7c3f250e6a11e5b23712b3c35f98e8dcc8e1da3b60c",
        "filename": "BuildcraftAdditions-1.7.10-1.6.4.jar"
      },
      {
        "signature": "sha256:18777b2507f463398751255cc41851b63073b332b4e772a82181ff518fe109f5",
        "filename": "ihl-tools_n_machines-0.512-1.7.10.jar"
      },
      {
        "signature": "sha256:916028eaa181ee074bbef35c0e2dbd08cee525a51cbfef86d88d3e5889844f24",
        "filename": "fabricator-1.7.10-1.2.64-universal.jar"
      },
      {
        "signature": "sha256:74b744c16450c5d20b8cfe8ea083fe083b445e6c6ed876d31b4a7e25adcc528e",
        "filename": "OpenPeripheralCore-1.7.10-0.5.0-snapshot-141.jar"
      },
      {
        "signature": "sha256:088971fea00118fb1cbc570f58d294e9abacaf1e14508a32ea786be61f30d5d9",
        "filename": "gendustry-mc1710-1.3.3.25.jar"
      },
      {
        "signature": "sha256:515e7ac31c52c53fea70bb4be2c92f41dbe2ca15edc18cc1ff01488fb8b6e453",
        "filename": "ThaumicExploration-1.7.10-1.1-17.jar"
      },
      {
        "signature": "sha256:55dfd86410fae33ac968682b46bac63a30fe2cf379dc13d5dd0af7cb021787c2",
        "filename": "AdvancedSolarPanel-1.7.10-3.5.1.jar"
      },
      {
        "signature": "sha256:686339c5fb4fe89b26e579715968e6032cebae6f5f62e9b5993c6b2ea08a445e",
        "filename": "EvilCraft-1.7.10-0.6.0b.jar"
      },
      {
        "signature": "sha256:766e5f7965186d8d1e18adeae4aa305238b835876cba28a2097370f32043201e",
        "filename": "MSM-SNAP-3.0.0e-For-MC-1.7.10.jar"
      },
      {
        "signature": "sha256:82af8dc63a46bab1deb3ba9e403526db564de58d374f5cca1ff8d89ae3d0e25e",
        "filename": "SolarFlux-1.7.10-0.4b.jar"
      },
      {
        "signature": "sha256:389b75eb3b6b61a363136f21fac6b8f55b3dcef3b3c52ad26409cf02cc34367c",
        "filename": "AOBD-2.2.4.jar"
      },
      {
        "signature": "sha256:dfaa0ec18708c8e9ac0585ac6a6ecb1f05030569b5b0ee4a8a0294168440a9a7",
        "filename": "NodalMechanics-1.7-1.0-3.jar"
      },
      {
        "signature": "sha256:29b8420b6b9658201615077c882e465e54e34efaa85a1e8fa55a942707192ec0",
        "filename": "NetherOres-[1.7.10]2.3.0RC3-84.jar"
      },
      {
        "signature": "sha256:50a3fecab61e91821011143f6d8ca9bfc0fa0c71dbd8b76b69a9f0dfb0b8ec30",
        "filename": "IguanaTinkerTweaks-1.7.10-2.0.5.jar"
      },
      {
        "signature": "sha256:e2a62eafd2ad8876424517b52f327b03c2bdca9e013a5fe5b4e75fe03446a4bf",
        "filename": "MekanismTools-1.7.10-7.1.0.92.jar"
      },
      {
        "signature": "sha256:045f40cf9c8071ec221be3961d59e27aa431867ab550a11270a5f81f9da93de6",
        "filename": "GlibysVC-1710_040.jar"
      },
      {
        "signature": "sha256:9615ea4bf215d660dd465d27b290991f83db380200422d6033abeaa3f574a60e",
        "filename": "TMechworks_mc1.7.10_0.2.8.jar"
      },
      {
        "signature": "sha256:b886a32d2a8102e36e89e726721dfe1602ff115677fbe43da8ece99ae9e7bacb",
        "filename": "Chisel-1.7.10-1.5.6b.jar"
      },
      {
        "signature": "sha256:ba9ebf5c4f2df9b33a0336a639c097c0eef5ab2f53fe2e721ef8b885bffa7805",
        "filename": "Mekanism-1.7.10-7.1.0.92.jar"
      },
      {
        "signature": "sha256:8fe70abb999d96383a63bffd657f21fec680a6b13850af1943bb46218833de65",
        "filename": "Baubles-1.7.10-1.0.1.7.jar"
      },
      {
        "signature": "sha256:db65ef47ebe141598c1fab2ba85d870a6a47c492506add686255d1a8ce5b2c90",
        "filename": "ElectriCraft 1.7.10 V1f.jar"
      },
      {
        "signature": "sha256:26e99ec3bd61d4d7e1deb3d255c6e39c7d3febebcaa6caebdaf052c6fae2104c",
        "filename": "tubestuff-59.0.1.jar"
      },
      {
        "signature": "sha256:d91686b65ed25e0a80374e0268f9dd155e3f07b216805d28652377c33fe40d1f",
        "filename": "compactmachines-1.7.10-1.3.jar"
      },
      {
        "signature": "sha256:11d61c3b2db408169655a10c7ff2768a20cd74e2864ff46b58e296298dc711c0",
        "filename": "Metallurgy-1.7.10-4.0.4.43.jar"
      },
      {
        "signature": "sha256:d0e2fe70d9c38f6c1863b5842b40742f0650d70492e9eb01ffc3a0f5d4c7050c",
        "filename": "CodeChickenLib-1.7.10-1.1.1.99-universal.jar"
      },
      {
        "signature": "sha256:207763d2d2059950cba4cc75c4aa79a9a79d6913c2d322d0267acbdb15df1a52",
        "filename": "PneumaticCraft-1.7.10-1.2.9-24-universal.jar"
      },
      {
        "signature": "sha256:0042fe6d2058d0c4d4e1acc43bb606f3827000e7980b3d805de3322bc33dfb59",
        "filename": "Forge.jar"
      },
      {
        "signature": "sha256:594c67b46c84e46a961bbae49185ee941a43168b8aa751c51acecfdeae29c26a",
        "filename": "RotaryCraft 1.7.10 V1f.jar"
      },
      {
        "signature": "sha256:39ae914d807cd7fbd321daab84af9a6615718d63e3d9cbb7c3a7e2ef76cfc8e9",
        "filename": "Amalgam-0.4.1.jar"
      },
      {
        "signature": "sha256:a402fefad75a1667fdd2428e52b1628b9c0a800d8b2af5f7f3c3129bd0abb65c",
        "filename": "witchery-1.7.10-0.20.6.jar"
      },
      {
        "signature": "sha256:3138e0de604b1a503e96c49743db4b15f0a54558c0e3cfdd60a174d33ee3c4da",
        "filename": "immibis-core-59.0.3.jar"
      },
      {
        "signature": "sha256:726f8889c2610f3b96f07615a63f898608c49409a400108d942a25166665fdc1",
        "filename": "OpenModsLib-1.7.10-0.6-snapshot-224.jar"
      },
      {
        "signature": "sha256:53e0326c79d4edd5d7637cd21403b0373b8c3de2ca647bed1005907de836dcbc",
        "filename": "ThermalFoundation-[1.7.10]1.0.0B3-8.jar"
      },
      {
        "signature": "sha256:b25098c29b31be9db859cbec3ac22523386051ae4134a0d2d3410937248f03e7",
        "filename": "ModpackTweaks-MC1.7.10-1.2.0-19.jar"
      },
      {
        "signature": "sha256:ecc5aba6b8669c331c83204c94296158ba73ca070d1936f815ab5baa8f744516",
        "filename": "magicbees-1.7.10-2.1.19.jar"
      },
      {
        "signature": "sha256:f68c5771d3d1e2f47fae80f3ceaf87d437eb6887ba5b0dd9018f258b754a6326",
        "filename": "CoFHLib-[1.7.10]1.0.0B6-26.jar"
      },
      {
        "signature": "sha256:e569d5713b871e82e77a6da6c37261ebcfa9529d9a1ec9fd9dd950e5ca47c98b",
        "filename": "natura-1.7.10-2.2.0-b1.jar"
      },
      {
        "signature": "sha256:32a7448bd613742414166489c681ce805ed28c4985fa63c636a3e6ca8643c570",
        "filename": "gasesFrameworkCore-1.0.6-1.7.10.jar"
      },
      {
        "signature": "sha256:eb4cbd05a48ee4448825da229e94115e68adc6c5638d29022914e1178c60a6c4",
        "filename": "js.jar"
      },
      {
        "signature": "sha256:452c6277f50d8dff91fee60591f694404932376f910e4c31da61c0e3c321b90c",
        "filename": "enetbridge-1.4.jar"
      },
      {
        "signature": "sha256:c1c91f3ad5f0c41d540d128ba0b0ecae36db433eef47689d9e61b17e7d69e356",
        "filename": "Minechem-1.7.10-5.0.5.92.jar"
      },
      {
        "signature": "sha256:baf8ed6e119afccf0bc3a27c144576c952660443473b0ac31624012c7c9e092e",
        "filename": "PowerConverters-1.7.10-3.0.0.25.jar"
      },
      {
        "signature": "sha256:a90e09d33c29ee4b0ea36452df5497b4a44c147841a53e4bcbc49b015737318b",
        "filename": "WR-CBE-1.7.10-1.4.1.4-universal.jar"
      },
      {
        "signature": "sha256:5aac09e16c0f8bac776aea9abc876b6a47460c3bab420a5090e26db8d8e53d60",
        "filename": "GraviSuite-1.7.10-2.0.1.jar"
      },
      {
        "signature": "sha256:7489a5066b60d7fe1155c62cf66b3c0160b140d123dbd40705d13d2c31f87088",
        "filename": "RefinedRelocation-1.7.10-1.0.6d.jar"
      },
      {
        "signature": "sha256:afd4da192d2c83fd865170050f98e76b1fd8ed6c054e442e87413ca73d260126",
        "filename": "ElectroMagicTools-1.7.10-2.0.0Alpha-22.jar"
      },
      {
        "signature": "sha256:f83faaa25fae6c80d697e494ac9c99b821b99a122dc34365a562348eeb49d27d",
        "filename": "immibis-peripherals-59.0.0.jar"
      },
      {
        "signature": "sha256:608448e334971faba8ab3c4aec43417789a421d0bd4befcbba2306da852bed5a",
        "filename": "Mantle-mc1.7.10-0.3.1.jar"
      },
      {
        "signature": "sha256:607eb74add05e89715076f8b2488cc1ab2130422fba809f2d9b248d5438cdae7",
        "filename": "gases-1.5.2-1.7.10.jar"
      },
      {
        "signature": "sha256:2885c8244145c4d3885d5e6045ec24b657e2bd689b7dd48ff494b68ed998b6c7",
        "filename": "thaumicenergistics-0.6.10b.jar"
      },
      {
        "signature": "sha256:787afc830b441877bde47b7b0e9a329dbdd5a5e9dfd6b6d3f39670fd08c397ff",
        "filename": "NotEnoughItems-1.7.10-1.0.3.60-universal.jar"
      },
      {
        "signature": "sha256:7ae7a6e1196911dd0e86f7bb4fe0db89122c566a7311aca937cac75bb87e6b54",
        "filename": "Highlands-1.7.2-v-2.2.2.jar"
      },
      {
        "signature": "sha256:220e0895280ad7a514767d283a038ae0bd0d210302161e8f9cc622fad9d3515d",
        "filename": "SimplyJetpacks-MC1.7.10-1.1.1.jar"
      },
      {
        "signature": "sha256:373fd136dceac2077e5cd4acfae2fb854028b5374e5ea5a47d9a7c74050f96b9",
        "filename": "CodeChickenCore-1.7.10-1.0.3.28-universal.jar"
      },
      {
        "signature": "sha256:b7c13a11014741bb4309de9c239e1e9ec4861a4b2ecebafd034fdef79dece5eb",
        "filename": "DragonAPI 1.7.10 V1f.jar"
      },
      {
        "signature": "sha256:35250594eaa4937e8df3187157fcfe42b066a9bebb5d69ae957479e5730f0f25",
        "filename": "RedstoneArsenal-[1.7.10]1.1.0B4-10.jar"
      },
      {
        "signature": "sha256:5ea9d6efabbc4ceb3873c125d9e00530045f043f1f78a91116bfe785c599a08d",
        "filename": "TConstruct-mc1.7.10-1.7.0d1.jar"
      },
      {
        "signature": "sha256:d0e2fe70d9c38f6c1863b5842b40742f0650d70492e9eb01ffc3a0f5d4c7050c",
        "filename": "CodeChickenLib-1.7.10-1.1.1.99-universal.jar"
      },
      {
        "signature": "sha256:88a00f48d33854b19091a2a8ff5bfc3f08d3a96f6b6bb4cd9e8ca394339aa396",
        "filename": "ReactorCraft 1.7.10 V1f.jar"
      },
      {
        "signature": "sha256:2f049e3b38ffe394bc53de6e86a7ca709d00821e9beff57c807b0e3f612ee9a0",
        "filename": "Fluxed Trinkets-1.7.10-1.0.46.jar"
      },
      {
        "signature": "sha256:9377bd501ce3be8a44466be90e92a553b7659c0a8755fabc9c11857874a94f64",
        "filename": "adv-repulsion-systems-59.0.1.jar"
      },
      {
        "signature": "sha256:1c6a53b9ce779147205ab5ed4511bef59790472185385c1bbfe14c19cb7407af",
        "filename": "ForgeMultipart-1.7.10-1.1.0.309-universal.jar"
      },
      {
        "signature": "sha256:688b8faff62ca2054477a9506dcb1a7aba1fdf9ed83ceb320e2167247b999b63",
        "filename": "ThaumicTinkerer-2.5-1.7.10-158.jar"
      },
      {
        "signature": "sha256:c1afcbece24784493bbe09b6fdebe3f6f4fa2a409436090e54922181c77d89bc",
        "filename": "ExtraCells-1.7.10-2.1.12b8.jar"
      },
      {
        "signature": "sha256:7b2c87e74b955ce5998064369df78d1b2fabe4ca02e4a150214d92d422c4dc90",
        "filename": "gasesFramework-1.0.6-1.7.10.jar"
      },
      {
        "signature": "sha256:5d1acb26f7cf55d0fdd4342f865efa2da31c68704fd2a7f25db844677f551a4f",
        "filename": "INpureCore-[1.7.10]1.0.0B2-4.jar"
      },
      {
        "signature": "sha256:dc11c1bffd1b30c8fdd749e41cc80dc2e2f7190f931f4841c2551a57c2898a9b",
        "filename": "ChromatiCraft 1.7.10 V1f.jar"
      },
      {
        "signature": "sha256:a3b86f507b879d7f1d9877febce195e52a2570e5c7ea67ccd59df6b26ffb04a9",
        "filename": "terraincontrol-forge-2.7.0-SNAPSHOT.jar"
      },
      {
        "signature": "sha256:61029147c87bde0dd793157c9e8f9cf97314a0f067d9e5f933290de81a921f08",
        "filename": "OpenComponents-MC1.7.10-0.2.0.15-universal.jar"
      },
      {
        "signature": "sha256:4be593a37556e29e80c1d94de20b4c0628ac21e986dd3034caae1be9025feef3",
        "filename": "ExtraTiC-1.7.10-1.0.3.jar"
      },
      {
        "signature": "sha256:c8818b95bad7ba8b6bfcc530ffef237067936193d2f3ecba5b1072a880e16b56",
        "filename": "ElectricalAge_BETA-1.9_r41.jar"
      },
      {
        "signature": "sha256:f99b1c4d3659eee9615f92b96df7ed7bf16cbb2bf5a0d8d48b0811dd68609952",
        "filename": "infinitubes-59.0.1.jar"
      },
      {
        "signature": "sha256:830ae8109d1e0b63bb0e4c6e2a7cb38f75b06a5b20d6240e386357a4e100d88a",
        "filename": "RemainInMotion-2.1.1.jar"
      },
      {
        "signature": "sha256:5a70753eaa7e0fb8781971dc1ad7c6b5895beca794b24b994e6e3cd69e41b2d2",
        "filename": "Eureka-1.7.10-1.2.jar"
      },
      {
        "signature": "sha256:029fd5785ddbe98c7e7658e833c033846456ca45ec121c713fc873f17e7280b6",
        "filename": "MekanismGenerators-1.7.10-7.1.0.92.jar"
      },
      {
        "signature": "sha256:5eb555679f189b8d77be2599ac2816b4d8a608566d504b638b9f02a086d10813",
        "filename": "AlchemicalBling-1.1.1.7-universal.jar"
      },
      {
        "signature": "sha256:5bddadf8f52a2dd0313f490130c9bb7541df3cc348f93665596f6dba739fd8e0",
        "filename": "IC2LaserFix-1.7.10.jar"
      },
      {
        "signature": "sha256:8772f727448b8c68785331ae051cb5d80ac6ade14b36646eed101f621356b1b1",
        "filename": "OpenEye-0.6-1.7.10.jar"
      },
      {
        "signature": "sha256:2425aa6885807b601b5fddb699a5647844daac466bfc5307cc85fdf270bdf09f",
        "filename": "OpenComputers-MC1.7.10-1.3.4.63-universal.jar"
      },
      {
        "signature": "sha256:6b6c3a9611563746e4490e80d9a6c7645ad56eabfc62fa0bf818b8caae4f9445",
        "filename": "Necromancy-1.7.10.jar"
      },
      {
        "signature": "sha256:fd073221eea48d22788640613eea8cac05510cc8eae6e59eb6077c8d5c23fd26",
        "filename": "Technomancy 0.8.1.jar"
      },
      {
        "signature": "sha256:34e3b225f2a0a2dd1b9aa0980563e0cfc03860f8f89252339588cc06b3888d46",
        "filename": "ComputerCraft1.64.jar"
      },
      {
        "signature": "sha256:06ac14815855e76c7533795afc082ad9ca22e61419904fbd4410ed6ff458c995",
        "filename": "ProjectE-Alpha 0.1n.jar"
      },
      {
        "signature": "sha256:beeadbede9b48c8ca3dbdde3e203f4a28c0045e87f1de9844e7a336068d145b8",
        "filename": "HydCraft-1.7.10-2.0-59.jar"
      },
      {
        "signature": "sha256:3ae305726e8cc1a31c3bbcd329d1db9b82d006ab7896adad6fb0c0b24b633ec7",
        "filename": "Factorization-1.7.10-0.8.88.jar"
      },
      {
        "signature": "sha256:0f16252aea3ee4109fbe5761f5f5c1693b637402b9ae0081de93b6b9621b663f",
        "filename": "Automagy-1.7.10-0.8.1.jar"
      },
      {
        "signature": "sha256:c50fd61f3a1a01317bd999515b00628d835658150e447a627f42fe1924f009f5",
        "filename": "logisticspipes-0.8.0.62.jar"
      },
      {
        "signature": "sha256:9f82112c231a57db59ceadc9e28ed984227a64b0cde90b91418783f6e9a93e8a",
        "filename": "ic2nc-1.7.10-1.7.10.06.jar"
      },
      {
        "signature": "sha256:b3d45927743b3b23ff9a30c43b8ed0176b11215f5e0e22b7594cc375e772bd32",
        "filename": "industrialcraft-2-2.2.647-experimental.jar"
      },
      {
        "signature": "sha256:688cd8acd33460ee42b9a9aa31ce3d45706684f76efe12cc6ee92f7b625b2991",
        "filename": "MetallurgyCore-1.7.10-4.0.3.11.jar"
      },
      {
        "signature": "sha256:fefe1ac34a15c32b9b258e9da99bab7a710cbc15cec33f9e2647f0b7c0ac856d",
        "filename": "nhwrench2-1.7.10-2.0.1.jar"
      },
      {
        "signature": "sha256:3ff5ca066c726e1c8befd24c33c9b887487ffbedb44334265720950a619ae29b",
        "filename": "ThermalExpansion-[1.7.10]4.0.0B5-13.jar"
      },
      {
        "signature": "sha256:510e5f0fdd4840fdddb9dfd8b526847631e0afef3e7b3fd0ed1961f235c7aafa",
        "filename": "buildcraft-6.0.18.jar"
      },
      {
        "signature": "sha256:20db925cd59b1c79b59deb36436fa2d466975b2c25735183cd50f7b6df387768",
        "filename": "FlaxbeardsSteamPower-1.7.10-0.26.2.jar"
      },
      {
        "signature": "sha256:27ed47c2fa10dd162a328dab6dfadf53fcf3ecc1727e9d0829d37946e7df51ae",
        "filename": "Opis-1.2.3_1.7.10.jar"
      },
      {
        "signature": "sha256:aaab94b8a4977c762493abaefd066b91ceff3a6001cf3ff3ef4cbc27076f3618",
        "filename": "extrautilities-1.1.0k.jar"
      },
      {
        "signature": "sha256:c750e122e25740820cf5fd292db9bd9a1e3b297d4473dc270003cea81153d615",
        "filename": "TooMuchLoot-1.7.10-3.0.1.B22-universal.jar"
      },
      {
        "signature": "sha256:f5b8b352407144e8a489844d132143a1b4a81163976461ec956d0f8473f17072",
        "filename": "StevesCarts2.0.0.b17.jar"
      },
      {
        "signature": "sha256:6f753823cc5865f7a329cd5fae0e42712fcffb96cc9dcacc71b976ad40efd54e",
        "filename": "generators-mc1710-0.9.1.13.jar"
      },
      {
        "signature": "sha256:95f2f69482a9a1f021423585dc7bacf36ffa10649439cc520e5dd616f9959107",
        "filename": "Botania r1.2-120.jar"
      },
      {
        "signature": "sha256:45c709dff0ec7e6e53ddf6717c03ee40f48e6beac472cf2cb1dc003c330a5b42",
        "filename": "gasesCore-1.5.2-1.7.10.jar"
      },
      {
        "signature": "sha256:ff2908fb5f87b93630db7a02177d8ff216ff234e4189e5a3974a18048c036af9",
        "filename": "FZAddons-1.7-1.0.0.jar"
      },
      {
        "signature": "sha256:9a5d46485bb9e51f56fa42b33faa2e6008a6d47eda3d30d72dd252d14e37ac45",
        "filename": "OpenPeripheralAddons-1.7.10-0.2.0-snapshot-122.jar"
      },
      {
        "signature": "sha256:33ded4c33158a3d2a301931c6b99831731c7f03dbb852882cf5d857525a2019b",
        "filename": "EnderTech-1.7.10-0.3.0.348.jar"
      },
      {
        "signature": "sha256:5bf037fa9699c4b4066a9004a452ffbc623eeda4478b148483dfe7205a29c7a2",
        "filename": "appliedenergistics2-rv1-beta-37.jar"
      },
      {
        "signature": "sha256:588173c449dcba2381c38195942134a931c3e1ee27aec6396b8a7996a01bba7a",
        "filename": "Forbidden Magic-1.7.10-0.52.jar"
      },
      {
        "signature": "sha256:210a532c53ab7abbdf1a4a12e2f727b84045301e781fe1cc42e3cfa75f1b5fd9",
        "filename": "bdlib-mc1710-1.4.4.22.jar"
      },
      {
        "signature": "sha256:87317668475d304d4af095bb6e370330f0983710a3d5493fccdb9acef5f0c068",
        "filename": "BiblioCraft[v1.8.1][MC1.7.10].jar"
      },
      {
        "signature": "sha256:a0250933fe8cc6a44eb098016d4dadaba7746a27efc3d5a7f4f4c9bf247cfe09",
        "filename": "ejml-0.23.jar"
      },
      {
        "signature": "sha256:66b44e97f2c0a05e773e0542d2d7572211803f658a116b55d144b11a8330fc18",
        "filename": "Thaumcraft-1.7.10-4.2.0.1.jar"
      },
      {
        "signature": "sha256:e1c69aedaa6968c3ff2a5df96f3ee024acad30572a26d8bf741caa69998313df",
        "filename": "MobiusCore-1.2.3_1.7.10.jar"
      },
      {
        "signature": "sha256:f918e140b8bf5f5b093109d6154fd48a49e510c15be79fb466088b8823979204",
        "filename": "forestry_1.7.10-3.0.0.95.jar"
      },
      {
        "signature": "sha256:dccb14ee0c6dbc99a785fd90d0706b491061a254e3ca1be9eccddd7b7b5acf19",
        "filename": "OpenBlocks-1.7.10-1.3-snapshot-433.jar"
      },
      {
        "signature": "sha256:a166dfae5db5d9a8f6fefdd4135094f4e941638d5ade034acba6236ccfb4e89a",
        "filename": "BigReactors-0.4.0rc9.jar"
      },
      {
        "signature": "sha256:1bc6d3fc6fdec51b697d4a0dabe846fc4f5d329e8ad3c807fd10f880a52ce3dd",
        "filename": "CustomStuff2-0.11.10-MC1.7.10.jar"
      },
      {
        "signature": "sha256:6c65a7d28b863aa5e3cc74d05a9e8882b821a77df710192e815e06c2db81e105",
        "filename": "secretroomsmod-1.7.10-4.7.1.373.jar"
      },
      {
        "signature": "sha256:2c32fbd3aa702401da4dc7cfd9ca0f657117f4db0dae0e9649987b7aacac6299",
        "filename": "SecurityCraft v1.6.0 for 1.7.10.jar"
      },
      {
        "signature": "sha256:91eb5db287a99293d61106338a89c1a0b016432463e3d9849a12f8f256748992",
        "filename": "SuperMassiveTech-MC1.7.10-0.2.0-alpha-91.jar"
      },
      {
        "signature": "sha256:efeccebc974fcf7580a66b9f5dc7818781b210f3de663639668c46c78708b8ea",
        "filename": "animalsPlus-1.2.jar"
      }
    ],
    "addedSignatures": [
      "sha256:9615ea4bf215d660dd465d27b290991f83db380200422d6033abeaa3f574a60e",
      "sha256:5eb555679f189b8d77be2599ac2816b4d8a608566d504b638b9f02a086d10813",
      "sha256:a166dfae5db5d9a8f6fefdd4135094f4e941638d5ade034acba6236ccfb4e89a",
      "sha256:2c32fbd3aa702401da4dc7cfd9ca0f657117f4db0dae0e9649987b7aacac6299",
      "sha256:c50fd61f3a1a01317bd999515b00628d835658150e447a627f42fe1924f009f5",
      "sha256:1bc6d3fc6fdec51b697d4a0dabe846fc4f5d329e8ad3c807fd10f880a52ce3dd",
      "sha256:ba9ebf5c4f2df9b33a0336a639c097c0eef5ab2f53fe2e721ef8b885bffa7805",
      "sha256:0f16252aea3ee4109fbe5761f5f5c1693b637402b9ae0081de93b6b9621b663f",
      "sha256:08f5280c332b4c1b1cb183d8011b30c58e10bce356ed542959284949497870f6",
      "sha256:db65ef47ebe141598c1fab2ba85d870a6a47c492506add686255d1a8ce5b2c90",
      "sha256:9457fe89af0bd44b408cc84dc5d71a53bd4959c4a5563a1b863d8dc54df92b42",
      "sha256:32a7448bd613742414166489c681ce805ed28c4985fa63c636a3e6ca8643c570",
      "sha256:66b44e97f2c0a05e773e0542d2d7572211803f658a116b55d144b11a8330fc18",
      "sha256:61029147c87bde0dd793157c9e8f9cf97314a0f067d9e5f933290de81a921f08",
      "sha256:7ae7a6e1196911dd0e86f7bb4fe0db89122c566a7311aca937cac75bb87e6b54",
      "sha256:88a00f48d33854b19091a2a8ff5bfc3f08d3a96f6b6bb4cd9e8ca394339aa396",
      "sha256:a90e09d33c29ee4b0ea36452df5497b4a44c147841a53e4bcbc49b015737318b",
      "sha256:fd073221eea48d22788640613eea8cac05510cc8eae6e59eb6077c8d5c23fd26",
      "sha256:dfaa0ec18708c8e9ac0585ac6a6ecb1f05030569b5b0ee4a8a0294168440a9a7",
      "sha256:53e0326c79d4edd5d7637cd21403b0373b8c3de2ca647bed1005907de836dcbc",
      "sha256:452c6277f50d8dff91fee60591f694404932376f910e4c31da61c0e3c321b90c",
      "sha256:55dfd86410fae33ac968682b46bac63a30fe2cf379dc13d5dd0af7cb021787c2",
      "sha256:9a5d46485bb9e51f56fa42b33faa2e6008a6d47eda3d30d72dd252d14e37ac45",
      "sha256:594c67b46c84e46a961bbae49185ee941a43168b8aa751c51acecfdeae29c26a",
      "sha256:f83faaa25fae6c80d697e494ac9c99b821b99a122dc34365a562348eeb49d27d",
      "sha256:39ae914d807cd7fbd321daab84af9a6615718d63e3d9cbb7c3a7e2ef76cfc8e9",
      "sha256:3138e0de604b1a503e96c49743db4b15f0a54558c0e3cfdd60a174d33ee3c4da",
      "sha256:2425aa6885807b601b5fddb699a5647844daac466bfc5307cc85fdf270bdf09f",
      "sha256:a0250933fe8cc6a44eb098016d4dadaba7746a27efc3d5a7f4f4c9bf247cfe09",
      "sha256:d6523f4bd0cd0099e95249e2703cf8742c4169cddedb213cca0578523a8c22e5",
      "sha256:29b8420b6b9658201615077c882e465e54e34efaa85a1e8fa55a942707192ec0",
      "sha256:210a532c53ab7abbdf1a4a12e2f727b84045301e781fe1cc42e3cfa75f1b5fd9",
      "sha256:3ae305726e8cc1a31c3bbcd329d1db9b82d006ab7896adad6fb0c0b24b633ec7",
      "sha256:787afc830b441877bde47b7b0e9a329dbdd5a5e9dfd6b6d3f39670fd08c397ff",
      "sha256:c1c91f3ad5f0c41d540d128ba0b0ecae36db433eef47689d9e61b17e7d69e356",
      "sha256:7135209ae9d41c778590bb77800d6596f438780b6e90f2eed7c31696063a53c0",
      "sha256:f99b1c4d3659eee9615f92b96df7ed7bf16cbb2bf5a0d8d48b0811dd68609952",
      "sha256:f918e140b8bf5f5b093109d6154fd48a49e510c15be79fb466088b8823979204",
      "sha256:82af8dc63a46bab1deb3ba9e403526db564de58d374f5cca1ff8d89ae3d0e25e",
      "sha256:a3b86f507b879d7f1d9877febce195e52a2570e5c7ea67ccd59df6b26ffb04a9",
      "sha256:5a70753eaa7e0fb8781971dc1ad7c6b5895beca794b24b994e6e3cd69e41b2d2",
      "sha256:373fd136dceac2077e5cd4acfae2fb854028b5374e5ea5a47d9a7c74050f96b9",
      "sha256:beeadbede9b48c8ca3dbdde3e203f4a28c0045e87f1de9844e7a336068d145b8",
      "sha256:33ded4c33158a3d2a301931c6b99831731c7f03dbb852882cf5d857525a2019b",
      "sha256:dccb14ee0c6dbc99a785fd90d0706b491061a254e3ca1be9eccddd7b7b5acf19",
      "sha256:3ff5ca066c726e1c8befd24c33c9b887487ffbedb44334265720950a619ae29b",
      "sha256:d91686b65ed25e0a80374e0268f9dd155e3f07b216805d28652377c33fe40d1f",
      "sha256:baf8ed6e119afccf0bc3a27c144576c952660443473b0ac31624012c7c9e092e",
      "sha256:7489a5066b60d7fe1155c62cf66b3c0160b140d123dbd40705d13d2c31f87088",
      "sha256:688b8faff62ca2054477a9506dcb1a7aba1fdf9ed83ceb320e2167247b999b63",
      "sha256:87317668475d304d4af095bb6e370330f0983710a3d5493fccdb9acef5f0c068",
      "sha256:5bddadf8f52a2dd0313f490130c9bb7541df3cc348f93665596f6dba739fd8e0",
      "sha256:686339c5fb4fe89b26e579715968e6032cebae6f5f62e9b5993c6b2ea08a445e",
      "sha256:c1afcbece24784493bbe09b6fdebe3f6f4fa2a409436090e54922181c77d89bc",
      "sha256:27ed47c2fa10dd162a328dab6dfadf53fcf3ecc1727e9d0829d37946e7df51ae",
      "sha256:726f8889c2610f3b96f07615a63f898608c49409a400108d942a25166665fdc1",
      "sha256:5aac09e16c0f8bac776aea9abc876b6a47460c3bab420a5090e26db8d8e53d60",
      "sha256:916028eaa181ee074bbef35c0e2dbd08cee525a51cbfef86d88d3e5889844f24",
      "sha256:0042fe6d2058d0c4d4e1acc43bb606f3827000e7980b3d805de3322bc33dfb59",
      "sha256:fefe1ac34a15c32b9b258e9da99bab7a710cbc15cec33f9e2647f0b7c0ac856d",
      "sha256:dc11c1bffd1b30c8fdd749e41cc80dc2e2f7190f931f4841c2551a57c2898a9b",
      "sha256:4be593a37556e29e80c1d94de20b4c0628ac21e986dd3034caae1be9025feef3",
      "sha256:9f82112c231a57db59ceadc9e28ed984227a64b0cde90b91418783f6e9a93e8a",
      "sha256:2bc20a85683ad696f8a3bb6e97cd92a03e79f7138c4d9eebc32425709264bddc",
      "sha256:6c65a7d28b863aa5e3cc74d05a9e8882b821a77df710192e815e06c2db81e105",
      "sha256:608448e334971faba8ab3c4aec43417789a421d0bd4befcbba2306da852bed5a",
      "sha256:26e99ec3bd61d4d7e1deb3d255c6e39c7d3febebcaa6caebdaf052c6fae2104c",
      "sha256:d0e2fe70d9c38f6c1863b5842b40742f0650d70492e9eb01ffc3a0f5d4c7050c",
      "sha256:766e5f7965186d8d1e18adeae4aa305238b835876cba28a2097370f32043201e",
      "sha256:6b6c3a9611563746e4490e80d9a6c7645ad56eabfc62fa0bf818b8caae4f9445",
      "sha256:5d1acb26f7cf55d0fdd4342f865efa2da31c68704fd2a7f25db844677f551a4f",
      "sha256:c8818b95bad7ba8b6bfcc530ffef237067936193d2f3ecba5b1072a880e16b56",
      "sha256:045f40cf9c8071ec221be3961d59e27aa431867ab550a11270a5f81f9da93de6",
      "sha256:ecc5aba6b8669c331c83204c94296158ba73ca070d1936f815ab5baa8f744516",
      "sha256:029fd5785ddbe98c7e7658e833c033846456ca45ec121c713fc873f17e7280b6",
      "sha256:aaab94b8a4977c762493abaefd066b91ceff3a6001cf3ff3ef4cbc27076f3618",
      "sha256:2885c8244145c4d3885d5e6045ec24b657e2bd689b7dd48ff494b68ed998b6c7",
      "sha256:95f2f69482a9a1f021423585dc7bacf36ffa10649439cc520e5dd616f9959107",
      "sha256:35250594eaa4937e8df3187157fcfe42b066a9bebb5d69ae957479e5730f0f25",
      "sha256:5bf037fa9699c4b4066a9004a452ffbc623eeda4478b148483dfe7205a29c7a2",
      "sha256:b7c13a11014741bb4309de9c239e1e9ec4861a4b2ecebafd034fdef79dece5eb",
      "sha256:1c6a53b9ce779147205ab5ed4511bef59790472185385c1bbfe14c19cb7407af",
      "sha256:c750e122e25740820cf5fd292db9bd9a1e3b297d4473dc270003cea81153d615",
      "sha256:607eb74add05e89715076f8b2488cc1ab2130422fba809f2d9b248d5438cdae7",
      "sha256:e2a62eafd2ad8876424517b52f327b03c2bdca9e013a5fe5b4e75fe03446a4bf",
      "sha256:510e5f0fdd4840fdddb9dfd8b526847631e0afef3e7b3fd0ed1961f235c7aafa",
      "sha256:515e7ac31c52c53fea70bb4be2c92f41dbe2ca15edc18cc1ff01488fb8b6e453",
      "sha256:8fe70abb999d96383a63bffd657f21fec680a6b13850af1943bb46218833de65",
      "sha256:207763d2d2059950cba4cc75c4aa79a9a79d6913c2d322d0267acbdb15df1a52",
      "sha256:20db925cd59b1c79b59deb36436fa2d466975b2c25735183cd50f7b6df387768",
      "sha256:f68c5771d3d1e2f47fae80f3ceaf87d437eb6887ba5b0dd9018f258b754a6326",
      "sha256:ff2908fb5f87b93630db7a02177d8ff216ff234e4189e5a3974a18048c036af9",
      "sha256:34e3b225f2a0a2dd1b9aa0980563e0cfc03860f8f89252339588cc06b3888d46",
      "sha256:484fb71a8e516ef1224abfacbd1b2ca0ec6ab00e62ba2725694994da1fec905b",
      "sha256:8772f727448b8c68785331ae051cb5d80ac6ade14b36646eed101f621356b1b1",
      "sha256:588173c449dcba2381c38195942134a931c3e1ee27aec6396b8a7996a01bba7a",
      "sha256:11d61c3b2db408169655a10c7ff2768a20cd74e2864ff46b58e296298dc711c0",
      "sha256:18777b2507f463398751255cc41851b63073b332b4e772a82181ff518fe109f5",
      "sha256:74b744c16450c5d20b8cfe8ea083fe083b445e6c6ed876d31b4a7e25adcc528e",
      "sha256:9377bd501ce3be8a44466be90e92a553b7659c0a8755fabc9c11857874a94f64",
      "sha256:efeccebc974fcf7580a66b9f5dc7818781b210f3de663639668c46c78708b8ea",
      "sha256:45c709dff0ec7e6e53ddf6717c03ee40f48e6beac472cf2cb1dc003c330a5b42",
      "sha256:e569d5713b871e82e77a6da6c37261ebcfa9529d9a1ec9fd9dd950e5ca47c98b",
      "sha256:088971fea00118fb1cbc570f58d294e9abacaf1e14508a32ea786be61f30d5d9",
      "sha256:50a3fecab61e91821011143f6d8ca9bfc0fa0c71dbd8b76b69a9f0dfb0b8ec30",
      "sha256:6f753823cc5865f7a329cd5fae0e42712fcffb96cc9dcacc71b976ad40efd54e",
      "sha256:a402fefad75a1667fdd2428e52b1628b9c0a800d8b2af5f7f3c3129bd0abb65c",
      "sha256:e07ac40187cb2b94fb1de3d4494b384bae97ead6e8f51a32229edfd8b3471ac3",
      "sha256:a46ad76728728dd29be06786c6e62040813fa409b3cb7c367dd8d9e616f08ce9",
      "sha256:01148a2f34ed56f515bca7c3f250e6a11e5b23712b3c35f98e8dcc8e1da3b60c",
      "sha256:389b75eb3b6b61a363136f21fac6b8f55b3dcef3b3c52ad26409cf02cc34367c",
      "sha256:220e0895280ad7a514767d283a038ae0bd0d210302161e8f9cc622fad9d3515d",
      "sha256:afd4da192d2c83fd865170050f98e76b1fd8ed6c054e442e87413ca73d260126",
      "sha256:f5b8b352407144e8a489844d132143a1b4a81163976461ec956d0f8473f17072",
      "sha256:688cd8acd33460ee42b9a9aa31ce3d45706684f76efe12cc6ee92f7b625b2991",
      "sha256:b3d45927743b3b23ff9a30c43b8ed0176b11215f5e0e22b7594cc375e772bd32",
      "sha256:91eb5db287a99293d61106338a89c1a0b016432463e3d9849a12f8f256748992",
      "sha256:7b2c87e74b955ce5998064369df78d1b2fabe4ca02e4a150214d92d422c4dc90",
      "sha256:b886a32d2a8102e36e89e726721dfe1602ff115677fbe43da8ece99ae9e7bacb",
      "sha256:b25098c29b31be9db859cbec3ac22523386051ae4134a0d2d3410937248f03e7",
      "sha256:e1c69aedaa6968c3ff2a5df96f3ee024acad30572a26d8bf741caa69998313df",
      "sha256:06ac14815855e76c7533795afc082ad9ca22e61419904fbd4410ed6ff458c995",
      "sha256:830ae8109d1e0b63bb0e4c6e2a7cb38f75b06a5b20d6240e386357a4e100d88a",
      "sha256:5ea9d6efabbc4ceb3873c125d9e00530045f043f1f78a91116bfe785c599a08d",
      "sha256:2f049e3b38ffe394bc53de6e86a7ca709d00821e9beff57c807b0e3f612ee9a0",
      "sha256:eb4cbd05a48ee4448825da229e94115e68adc6c5638d29022914e1178c60a6c4"
    ],
    "removedSignatures": [],
    "workTime": 1729808.8,
    "language": "n/a",
    "locale": "en_US",
    "timezone": "America/Los_Angeles",
    "branding": [
      "Minecraft 1.7.10",
      "MCP v9.05",
      "FML v7.10.25.1207",
      "Minecraft Forge 10.13.0.1207",
      "163 mods loaded, 163 mods active"
    ],
    "runtime": {
      "mcp": "MCP v9.05",
      "fml": "7.10.25.1207",
      "forge": "10.13.0.1207"
    },
    "minecraft": "Minecraft 1.7.10",
    "javaVersion": "Oracle Corporation 1.8.0_11",
    "side": "server",
    "obfuscated": true,
    "type": "analytics"
  },
  {
    "timestamp": 1412227592336,
    "location": "crash_handler",
    "exception": {
      "stack": [
        {
          "class": "cpw.mods.fml.common.Loader",
          "method": "identifyDuplicates",
          "file": "Loader.java",
          "line": 386
        },
        {
          "class": "cpw.mods.fml.common.Loader",
          "method": "identifyMods",
          "file": "Loader.java",
          "line": 348
        },
        {
          "class": "cpw.mods.fml.common.Loader",
          "method": "loadMods",
          "file": "Loader.java",
          "line": 468
        },
        {
          "class": "cpw.mods.fml.server.FMLServerHandler",
          "method": "beginServerLoading",
          "file": "FMLServerHandler.java",
          "line": 87
        },
        {
          "class": "cpw.mods.fml.common.FMLCommonHandler",
          "method": "onServerStart",
          "file": "FMLCommonHandler.java",
          "line": 317
        },
        {
          "class": "net.minecraft.server.dedicated.DedicatedServer",
          "method": "func_71197_b",
          "file": "DedicatedServer.java",
          "line": 170
        },
        {
          "class": "net.minecraft.server.MinecraftServer",
          "method": "run",
          "file": "MinecraftServer.java",
          "line": 620
        },
        {
          "class": "java.lang.Thread",
          "method": "run",
          "line": -1
        }
      ],
      "exception": "cpw.mods.fml.common.DuplicateModsFoundException",
      "message": ""
    },
    "random": 1174258570,
    "resolved": false,
    "branding": [
      "Minecraft 1.7.10",
      "MCP v9.05",
      "FML v7.10.25.1207",
      "Minecraft Forge 10.13.0.1207",
      "165 mods loaded, 0 mods active"
    ],
    "runtime": {
      "mcp": "MCP v9.05",
      "fml": "7.10.25.1207",
      "forge": "10.13.0.1207"
    },
    "minecraft": "Minecraft 1.7.10",
    "javaVersion": "Oracle Corporation 1.8.0_11",
    "side": "server",
    "obfuscated": true,
    "type": "crashlog"
  },
  {
    "states": [
      {
        "signature": "sha256:7135209ae9d41c778590bb77800d6596f438780b6e90f2eed7c31696063a53c0",
        "mods": [
          {
            "modId": "LiquidXP",
            "state": "Constructed"
          }
        ]
      },
      {
        "signature": "sha256:e07ac40187cb2b94fb1de3d4494b384bae97ead6e8f51a32229edfd8b3471ac3",
        "mods": [
          {
            "modId": "bluepower",
            "state": "Constructed"
          }
        ]
      },
      {
        "signature": "sha256:9457fe89af0bd44b408cc84dc5d71a53bd4959c4a5563a1b863d8dc54df92b42",
        "mods": [
          {
            "modId": "UltraTech",
            "state": "Unloaded"
          }
        ]
      },
      {
        "signature": "sha256:484fb71a8e516ef1224abfacbd1b2ca0ec6ab00e62ba2725694994da1fec905b",
        "mods": [
          {
            "modId": "MineFactoryReloaded|CompatAtum",
            "state": "Constructed"
          },
          {
            "modId": "MineFactoryReloaded|CompatAppliedEnergistics",
            "state": "Constructed"
          },
          {
            "modId": "MineFactoryReloaded|CompatExtraBiomes",
            "state": "Constructed"
          },
          {
            "modId": "MineFactoryReloaded|CompatBuildCraft",
            "state": "Constructed"
          },
          {
            "modId": "MineFactoryReloaded|CompatPams",
            "state": "Constructed"
          },
          {
            "modId": "MineFactoryReloaded|CompatThermalExpansion",
            "state": "Constructed"
          },
          {
            "modId": "MineFactoryReloaded|CompatThaumcraft",
            "state": "Constructed"
          },
          {
            "modId": "MineFactoryReloaded|CompatRailcraft",
            "state": "Constructed"
          },
          {
            "modId": "MineFactoryReloaded|CompatRP2",
            "state": "Constructed"
          },
          {
            "modId": "MineFactoryReloaded|CompatForestry",
            "state": "Constructed"
          },
          {
            "modId": "MineFactoryReloaded|CompatTwilightForest",
            "state": "Constructed"
          },
          {
            "modId": "MineFactoryReloaded|CompatChococraft",
            "state": "Constructed"
          },
          {
            "modId": "MineFactoryReloaded|CompatSufficientBiomes",
            "state": "Constructed"
          },
          {
            "modId": "MineFactoryReloaded|CompatVanilla",
            "state": "Constructed"
          },
          {
            "modId": "MineFactoryReloaded|CompatForgeMicroblock",
            "state": "Constructed"
          },
          {
            "modId": "MineFactoryReloaded|CompatProjRed",
            "state": "Constructed"
          },
          {
            "modId": "MineFactoryReloaded",
            "state": "Constructed"
          },
          {
            "modId": "MineFactoryReloaded|CompatBackTools",
            "state": "Constructed"
          },
          {
            "modId": "MineFactoryReloaded|CompatMystcraft",
            "state": "Constructed"
          },
          {
            "modId": "MineFactoryReloaded|CompatIC2",
            "state": "Constructed"
          }
        ]
      },
      {
        "signature": "sha256:08f5280c332b4c1b1cb183d8011b30c58e10bce356ed542959284949497870f6",
        "mods": [
          {
            "modId": "EnderIO",
            "state": "Constructed"
          }
        ]
      },
      {
        "signature": "sha256:a46ad76728728dd29be06786c6e62040813fa409b3cb7c367dd8d9e616f08ce9",
        "mods": [
          {
            "modId": "ttCore",
            "state": "Constructed"
          }
        ]
      },
      {
        "signature": "sha256:d6523f4bd0cd0099e95249e2703cf8742c4169cddedb213cca0578523a8c22e5",
        "mods": [
          {
            "modId": "Railcraft",
            "state": "Constructed"
          }
        ]
      },
      {
        "signature": "sha256:2bc20a85683ad696f8a3bb6e97cd92a03e79f7138c4d9eebc32425709264bddc",
        "mods": [
          {
            "modId": "CoFHCore",
            "state": "Constructed"
          }
        ]
      },
      {
        "signature": "sha256:01148a2f34ed56f515bca7c3f250e6a11e5b23712b3c35f98e8dcc8e1da3b60c",
        "mods": [
          {
            "modId": "bcadditions",
            "state": "Constructed"
          }
        ]
      },
      {
        "signature": "sha256:18777b2507f463398751255cc41851b63073b332b4e772a82181ff518fe109f5",
        "mods": [
          {
            "modId": "ihl",
            "state": "Constructed"
          }
        ]
      },
      {
        "signature": "sha256:3e2749c6e91efa47c3852e38f8e3f9ee54f3a625852622c21c4c4656311770ae",
        "mods": [
          {
            "modId": "TA",
            "state": "Unloaded"
          }
        ]
      },
      {
        "signature": "sha256:916028eaa181ee074bbef35c0e2dbd08cee525a51cbfef86d88d3e5889844f24",
        "mods": [
          {
            "modId": "fabricator",
            "state": "Constructed"
          }
        ]
      },
      {
        "signature": "sha256:74b744c16450c5d20b8cfe8ea083fe083b445e6c6ed876d31b4a7e25adcc528e",
        "mods": [
          {
            "modId": "OpenPeripheralCore",
            "state": "Constructed"
          }
        ]
      },
      {
        "signature": "sha256:088971fea00118fb1cbc570f58d294e9abacaf1e14508a32ea786be61f30d5d9",
        "mods": [
          {
            "modId": "gendustry",
            "state": "Constructed"
          }
        ]
      },
      {
        "signature": "sha256:515e7ac31c52c53fea70bb4be2c92f41dbe2ca15edc18cc1ff01488fb8b6e453",
        "mods": [
          {
            "modId": "ThaumicExploration",
            "state": "Unloaded"
          }
        ]
      },
      {
        "signature": "sha256:55dfd86410fae33ac968682b46bac63a30fe2cf379dc13d5dd0af7cb021787c2",
        "mods": [
          {
            "modId": "AdvancedSolarPanel",
            "state": "Constructed"
          }
        ]
      },
      {
        "signature": "sha256:686339c5fb4fe89b26e579715968e6032cebae6f5f62e9b5993c6b2ea08a445e",
        "mods": [
          {
            "modId": "evilcraft",
            "state": "Constructed"
          }
        ]
      },
      {
        "signature": "sha256:766e5f7965186d8d1e18adeae4aa305238b835876cba28a2097370f32043201e",
        "mods": [
          {
            "modId": "MSM3",
            "state": "Constructed"
          }
        ]
      },
      {
        "signature": "sha256:82af8dc63a46bab1deb3ba9e403526db564de58d374f5cca1ff8d89ae3d0e25e",
        "mods": [
          {
            "modId": "SolarFlux",
            "state": "Constructed"
          }
        ]
      },
      {
        "signature": "sha256:389b75eb3b6b61a363136f21fac6b8f55b3dcef3b3c52ad26409cf02cc34367c",
        "mods": [
          {
            "modId": "aobd",
            "state": "Unloaded"
          }
        ]
      },
      {
        "signature": "sha256:dfaa0ec18708c8e9ac0585ac6a6ecb1f05030569b5b0ee4a8a0294168440a9a7",
        "mods": [
          {
            "modId": "NodalMechanics",
            "state": "Constructed"
          }
        ]
      },
      {
        "signature": "sha256:29b8420b6b9658201615077c882e465e54e34efaa85a1e8fa55a942707192ec0",
        "mods": [
          {
            "modId": "NetherOres",
            "state": "Constructed"
          }
        ]
      },
      {
        "signature": "sha256:50a3fecab61e91821011143f6d8ca9bfc0fa0c71dbd8b76b69a9f0dfb0b8ec30",
        "mods": [
          {
            "modId": "IguanaTweaksTConstruct",
            "state": "Unloaded"
          }
        ]
      },
      {
        "signature": "sha256:e2a62eafd2ad8876424517b52f327b03c2bdca9e013a5fe5b4e75fe03446a4bf",
        "mods": [
          {
            "modId": "MekanismTools",
            "state": "Constructed"
          }
        ]
      },
      {
        "signature": "sha256:045f40cf9c8071ec221be3961d59e27aa431867ab550a11270a5f81f9da93de6",
        "mods": [
          {
            "modId": "gvc",
            "state": "Constructed"
          }
        ]
      },
      {
        "signature": "sha256:9615ea4bf215d660dd465d27b290991f83db380200422d6033abeaa3f574a60e",
        "mods": [
          {
            "modId": "TMechworks",
            "state": "Unloaded"
          }
        ]
      },
      {
        "signature": "sha256:b886a32d2a8102e36e89e726721dfe1602ff115677fbe43da8ece99ae9e7bacb",
        "mods": [
          {
            "modId": "chisel",
            "state": "Constructed"
          }
        ]
      },
      {
        "signature": "sha256:ba9ebf5c4f2df9b33a0336a639c097c0eef5ab2f53fe2e721ef8b885bffa7805",
        "mods": [
          {
            "modId": "Mekanism",
            "state": "Constructed"
          }
        ]
      },
      {
        "signature": "sha256:8fe70abb999d96383a63bffd657f21fec680a6b13850af1943bb46218833de65",
        "mods": [
          {
            "modId": "Baubles",
            "state": "Constructed"
          }
        ]
      },
      {
        "signature": "sha256:db65ef47ebe141598c1fab2ba85d870a6a47c492506add686255d1a8ce5b2c90",
        "mods": [
          {
            "modId": "ElectriCraft",
            "state": "Constructed"
          }
        ]
      },
      {
        "signature": "sha256:26e99ec3bd61d4d7e1deb3d255c6e39c7d3febebcaa6caebdaf052c6fae2104c",
        "mods": [
          {
            "modId": "Tubestuff",
            "state": "Unloaded"
          }
        ]
      },
      {
        "signature": "sha256:d91686b65ed25e0a80374e0268f9dd155e3f07b216805d28652377c33fe40d1f",
        "mods": [
          {
            "modId": "CompactMachines",
            "state": "Constructed"
          }
        ]
      },
      {
        "signature": "sha256:11d61c3b2db408169655a10c7ff2768a20cd74e2864ff46b58e296298dc711c0",
        "mods": [
          {
            "modId": "Metallurgy",
            "state": "Constructed"
          }
        ]
      },
      {
        "signature": "sha256:d0e2fe70d9c38f6c1863b5842b40742f0650d70492e9eb01ffc3a0f5d4c7050c",
        "mods": []
      },
      {
        "signature": "sha256:207763d2d2059950cba4cc75c4aa79a9a79d6913c2d322d0267acbdb15df1a52",
        "mods": [
          {
            "modId": "PneumaticCraft",
            "state": "Constructed"
          }
        ]
      },
      {
        "signature": "sha256:0042fe6d2058d0c4d4e1acc43bb606f3827000e7980b3d805de3322bc33dfb59",
        "mods": [
          {
            "modId": "FML",
            "state": "Constructed"
          },
          {
            "modId": "Forge",
            "state": "Constructed"
          }
        ]
      },
      {
        "signature": "sha256:594c67b46c84e46a961bbae49185ee941a43168b8aa751c51acecfdeae29c26a",
        "mods": [
          {
            "modId": "RotaryCraft",
            "state": "Constructed"
          }
        ]
      },
      {
        "signature": "sha256:39ae914d807cd7fbd321daab84af9a6615718d63e3d9cbb7c3a7e2ef76cfc8e9",
        "mods": [
          {
            "modId": "amalgam",
            "state": "Constructed"
          }
        ]
      },
      {
        "signature": "sha256:a402fefad75a1667fdd2428e52b1628b9c0a800d8b2af5f7f3c3129bd0abb65c",
        "mods": [
          {
            "modId": "witchery",
            "state": "Unloaded"
          }
        ]
      },
      {
        "signature": "sha256:3138e0de604b1a503e96c49743db4b15f0a54558c0e3cfdd60a174d33ee3c4da",
        "mods": [
          {
            "modId": "ImmibisCore",
            "state": "Constructed"
          }
        ]
      },
      {
        "signature": "sha256:726f8889c2610f3b96f07615a63f898608c49409a400108d942a25166665fdc1",
        "mods": [
          {
            "modId": "OpenMods",
            "state": "Constructed"
          }
        ]
      },
      {
        "signature": "sha256:53e0326c79d4edd5d7637cd21403b0373b8c3de2ca647bed1005907de836dcbc",
        "mods": [
          {
            "modId": "ThermalFoundation",
            "state": "Constructed"
          }
        ]
      },
      {
        "signature": "sha256:b25098c29b31be9db859cbec3ac22523386051ae4134a0d2d3410937248f03e7",
        "mods": [
          {
            "modId": "modpackTweaks",
            "state": "Constructed"
          }
        ]
      },
      {
        "signature": "sha256:ecc5aba6b8669c331c83204c94296158ba73ca070d1936f815ab5baa8f744516",
        "mods": [
          {
            "modId": "MagicBees",
            "state": "Constructed"
          }
        ]
      },
      {
        "signature": "sha256:f68c5771d3d1e2f47fae80f3ceaf87d437eb6887ba5b0dd9018f258b754a6326",
        "mods": []
      },
      {
        "signature": "sha256:e569d5713b871e82e77a6da6c37261ebcfa9529d9a1ec9fd9dd950e5ca47c98b",
        "mods": [
          {
            "modId": "Natura",
            "state": "Constructed"
          }
        ]
      },
      {
        "signature": "sha256:32a7448bd613742414166489c681ce805ed28c4985fa63c636a3e6ca8643c570",
        "mods": []
      },
      {
        "signature": "sha256:eb4cbd05a48ee4448825da229e94115e68adc6c5638d29022914e1178c60a6c4",
        "mods": []
      },
      {
        "signature": "sha256:452c6277f50d8dff91fee60591f694404932376f910e4c31da61c0e3c321b90c",
        "mods": [
          {
            "modId": "EnetBridge",
            "state": "Constructed"
          }
        ]
      },
      {
        "signature": "sha256:c1c91f3ad5f0c41d540d128ba0b0ecae36db433eef47689d9e61b17e7d69e356",
        "mods": [
          {
            "modId": "minechem",
            "state": "Constructed"
          }
        ]
      },
      {
        "signature": "sha256:baf8ed6e119afccf0bc3a27c144576c952660443473b0ac31624012c7c9e092e",
        "mods": [
          {
            "modId": "PowerConverters",
            "state": "Constructed"
          }
        ]
      },
      {
        "signature": "sha256:a90e09d33c29ee4b0ea36452df5497b4a44c147841a53e4bcbc49b015737318b",
        "mods": [
          {
            "modId": "WR-CBE|Addons",
            "state": "Unloaded"
          },
          {
            "modId": "WR-CBE|Core",
            "state": "Unloaded"
          },
          {
            "modId": "WR-CBE|Logic",
            "state": "Unloaded"
          }
        ]
      },
      {
        "signature": "sha256:5aac09e16c0f8bac776aea9abc876b6a47460c3bab420a5090e26db8d8e53d60",
        "mods": [
          {
            "modId": "GraviSuite",
            "state": "Constructed"
          }
        ]
      },
      {
        "signature": "sha256:7489a5066b60d7fe1155c62cf66b3c0160b140d123dbd40705d13d2c31f87088",
        "mods": [
          {
            "modId": "RefinedRelocation",
            "state": "Constructed"
          }
        ]
      },
      {
        "signature": "sha256:afd4da192d2c83fd865170050f98e76b1fd8ed6c054e442e87413ca73d260126",
        "mods": [
          {
            "modId": "EMT",
            "state": "Constructed"
          }
        ]
      },
      {
        "signature": "sha256:f83faaa25fae6c80d697e494ac9c99b821b99a122dc34365a562348eeb49d27d",
        "mods": [
          {
            "modId": "ImmibisPeripherals",
            "state": "Constructed"
          }
        ]
      },
      {
        "signature": "sha256:608448e334971faba8ab3c4aec43417789a421d0bd4befcbba2306da852bed5a",
        "mods": [
          {
            "modId": "Mantle",
            "state": "Constructed"
          }
        ]
      },
      {
        "signature": "sha256:607eb74add05e89715076f8b2488cc1ab2130422fba809f2d9b248d5438cdae7",
        "mods": [
          {
            "modId": "gases",
            "state": "Constructed"
          }
        ]
      },
      {
        "signature": "sha256:2885c8244145c4d3885d5e6045ec24b657e2bd689b7dd48ff494b68ed998b6c7",
        "mods": [
          {
            "modId": "thaumicenergistics",
            "state": "Unloaded"
          }
        ]
      },
      {
        "signature": "sha256:787afc830b441877bde47b7b0e9a329dbdd5a5e9dfd6b6d3f39670fd08c397ff",
        "mods": [
          {
            "modId": "NotEnoughItems",
            "state": "Constructed"
          }
        ]
      },
      {
        "signature": "sha256:7ae7a6e1196911dd0e86f7bb4fe0db89122c566a7311aca937cac75bb87e6b54",
        "mods": [
          {
            "modId": "Highlands",
            "state": "Constructed"
          }
        ]
      },
      {
        "signature": "sha256:220e0895280ad7a514767d283a038ae0bd0d210302161e8f9cc622fad9d3515d",
        "mods": [
          {
            "modId": "simplyjetpacks",
            "state": "Constructed"
          }
        ]
      },
      {
        "signature": "sha256:373fd136dceac2077e5cd4acfae2fb854028b5374e5ea5a47d9a7c74050f96b9",
        "mods": []
      },
      {
        "signature": "sha256:b7c13a11014741bb4309de9c239e1e9ec4861a4b2ecebafd034fdef79dece5eb",
        "mods": [
          {
            "modId": "DragonAPI",
            "state": "Constructed"
          }
        ]
      },
      {
        "signature": "sha256:35250594eaa4937e8df3187157fcfe42b066a9bebb5d69ae957479e5730f0f25",
        "mods": [
          {
            "modId": "RedstoneArsenal",
            "state": "Constructed"
          }
        ]
      },
      {
        "signature": "sha256:5ea9d6efabbc4ceb3873c125d9e00530045f043f1f78a91116bfe785c599a08d",
        "mods": [
          {
            "modId": "TConstruct",
            "state": "Constructed"
          }
        ]
      },
      {
        "signature": "sha256:d0e2fe70d9c38f6c1863b5842b40742f0650d70492e9eb01ffc3a0f5d4c7050c",
        "mods": []
      },
      {
        "signature": "sha256:88a00f48d33854b19091a2a8ff5bfc3f08d3a96f6b6bb4cd9e8ca394339aa396",
        "mods": [
          {
            "modId": "ReactorCraft",
            "state": "Constructed"
          }
        ]
      },
      {
        "signature": "sha256:2f049e3b38ffe394bc53de6e86a7ca709d00821e9beff57c807b0e3f612ee9a0",
        "mods": [
          {
            "modId": "fluxedtrinkets",
            "state": "Constructed"
          }
        ]
      },
      {
        "signature": "sha256:9377bd501ce3be8a44466be90e92a553b7659c0a8755fabc9c11857874a94f64",
        "mods": [
          {
            "modId": "AdvancedRepulsionSystems",
            "state": "Constructed"
          }
        ]
      },
      {
        "signature": "sha256:1c6a53b9ce779147205ab5ed4511bef59790472185385c1bbfe14c19cb7407af",
        "mods": [
          {
            "modId": "McMultipart",
            "state": "Unloaded"
          },
          {
            "modId": "ForgeMultipart",
            "state": "Constructed"
          },
          {
            "modId": "ForgeMicroblock",
            "state": "Unloaded"
          }
        ]
      },
      {
        "signature": "sha256:688b8faff62ca2054477a9506dcb1a7aba1fdf9ed83ceb320e2167247b999b63",
        "mods": [
          {
            "modId": "ThaumicTinkerer",
            "state": "Constructed"
          }
        ]
      },
      {
        "signature": "sha256:c1afcbece24784493bbe09b6fdebe3f6f4fa2a409436090e54922181c77d89bc",
        "mods": [
          {
            "modId": "extracells",
            "state": "Constructed"
          }
        ]
      },
      {
        "signature": "sha256:7b2c87e74b955ce5998064369df78d1b2fabe4ca02e4a150214d92d422c4dc90",
        "mods": [
          {
            "modId": "gasesFramework",
            "state": "Constructed"
          }
        ]
      },
      {
        "signature": "sha256:5d1acb26f7cf55d0fdd4342f865efa2da31c68704fd2a7f25db844677f551a4f",
        "mods": [
          {
            "modId": "inpure|core",
            "state": "Constructed"
          }
        ]
      },
      {
        "signature": "sha256:dc11c1bffd1b30c8fdd749e41cc80dc2e2f7190f931f4841c2551a57c2898a9b",
        "mods": [
          {
            "modId": "ChromatiCraft",
            "state": "Constructed"
          }
        ]
      },
      {
        "signature": "sha256:a3b86f507b879d7f1d9877febce195e52a2570e5c7ea67ccd59df6b26ffb04a9",
        "mods": [
          {
            "modId": "TerrainControl",
            "state": "Constructed"
          }
        ]
      },
      {
        "signature": "sha256:61029147c87bde0dd793157c9e8f9cf97314a0f067d9e5f933290de81a921f08",
        "mods": [
          {
            "modId": "OpenComponents",
            "state": "Constructed"
          }
        ]
      },
      {
        "signature": "sha256:4be593a37556e29e80c1d94de20b4c0628ac21e986dd3034caae1be9025feef3",
        "mods": [
          {
            "modId": "ExtraTiC",
            "state": "Constructed"
          }
        ]
      },
      {
        "signature": "sha256:c8818b95bad7ba8b6bfcc530ffef237067936193d2f3ecba5b1072a880e16b56",
        "mods": [
          {
            "modId": "Eln",
            "state": "Constructed"
          }
        ]
      },
      {
        "signature": "sha256:f99b1c4d3659eee9615f92b96df7ed7bf16cbb2bf5a0d8d48b0811dd68609952",
        "mods": [
          {
            "modId": "InfiniTubes",
            "state": "Constructed"
          }
        ]
      },
      {
        "signature": "sha256:830ae8109d1e0b63bb0e4c6e2a7cb38f75b06a5b20d6240e386357a4e100d88a",
        "mods": [
          {
            "modId": "JAKJ_RedstoneInMotion",
            "state": "Constructed"
          },
          {
            "modId": "JAKJ_RedstoneInMotion_HollowCarriages",
            "state": "Constructed"
          }
        ]
      },
      {
        "signature": "sha256:5a70753eaa7e0fb8781971dc1ad7c6b5895beca794b24b994e6e3cd69e41b2d2",
        "mods": [
          {
            "modId": "eureka",
            "state": "Constructed"
          }
        ]
      },
      {
        "signature": "sha256:029fd5785ddbe98c7e7658e833c033846456ca45ec121c713fc873f17e7280b6",
        "mods": [
          {
            "modId": "MekanismGenerators",
            "state": "Constructed"
          }
        ]
      },
      {
        "signature": "sha256:5eb555679f189b8d77be2599ac2816b4d8a608566d504b638b9f02a086d10813",
        "mods": [
          {
            "modId": "AlchBling",
            "state": "Constructed"
          }
        ]
      },
      {
        "signature": "sha256:5bddadf8f52a2dd0313f490130c9bb7541df3cc348f93665596f6dba739fd8e0",
        "mods": [
          {
            "modId": "IC2LaserFix",
            "state": "Constructed"
          }
        ]
      },
      {
        "signature": "sha256:8772f727448b8c68785331ae051cb5d80ac6ade14b36646eed101f621356b1b1",
        "mods": [
          {
            "modId": "OpenEye",
            "state": "Constructed"
          }
        ]
      },
      {
        "signature": "sha256:2425aa6885807b601b5fddb699a5647844daac466bfc5307cc85fdf270bdf09f",
        "mods": [
          {
            "modId": "OpenComputers|Core",
            "state": "Constructed"
          },
          {
            "modId": "OpenComputers",
            "state": "Constructed"
          }
        ]
      },
      {
        "signature": "sha256:6b6c3a9611563746e4490e80d9a6c7645ad56eabfc62fa0bf818b8caae4f9445",
        "mods": [
          {
            "modId": "necromancy",
            "state": "Constructed"
          }
        ]
      },
      {
        "signature": "sha256:fd073221eea48d22788640613eea8cac05510cc8eae6e59eb6077c8d5c23fd26",
        "mods": [
          {
            "modId": "technom",
            "state": "Constructed"
          }
        ]
      },
      {
        "signature": "sha256:34e3b225f2a0a2dd1b9aa0980563e0cfc03860f8f89252339588cc06b3888d46",
        "mods": [
          {
            "modId": "ComputerCraft",
            "state": "Constructed"
          }
        ]
      },
      {
        "signature": "sha256:06ac14815855e76c7533795afc082ad9ca22e61419904fbd4410ed6ff458c995",
        "mods": [
          {
            "modId": "ProjectE",
            "state": "Constructed"
          }
        ]
      },
      {
        "signature": "sha256:beeadbede9b48c8ca3dbdde3e203f4a28c0045e87f1de9844e7a336068d145b8",
        "mods": [
          {
            "modId": "HydCraft",
            "state": "Constructed"
          }
        ]
      },
      {
        "signature": "sha256:3ae305726e8cc1a31c3bbcd329d1db9b82d006ab7896adad6fb0c0b24b633ec7",
        "mods": [
          {
            "modId": "factorization.misc",
            "state": "Constructed"
          },
          {
            "modId": "factorization.notify",
            "state": "Constructed"
          },
          {
            "modId": "factorization",
            "state": "Constructed"
          }
        ]
      },
      {
        "signature": "sha256:0f16252aea3ee4109fbe5761f5f5c1693b637402b9ae0081de93b6b9621b663f",
        "mods": [
          {
            "modId": "Automagy",
            "state": "Constructed"
          }
        ]
      },
      {
        "signature": "sha256:c50fd61f3a1a01317bd999515b00628d835658150e447a627f42fe1924f009f5",
        "mods": [
          {
            "modId": "LogisticsPipes",
            "state": "Constructed"
          }
        ]
      },
      {
        "signature": "sha256:9f82112c231a57db59ceadc9e28ed984227a64b0cde90b91418783f6e9a93e8a",
        "mods": [
          {
            "modId": "IC2NuclearControl",
            "state": "Constructed"
          }
        ]
      },
      {
        "signature": "sha256:b3d45927743b3b23ff9a30c43b8ed0176b11215f5e0e22b7594cc375e772bd32",
        "mods": [
          {
            "modId": "IC2",
            "state": "Constructed"
          }
        ]
      },
      {
        "signature": "sha256:688cd8acd33460ee42b9a9aa31ce3d45706684f76efe12cc6ee92f7b625b2991",
        "mods": [
          {
            "modId": "MetallurgyCore",
            "state": "Constructed"
          }
        ]
      },
      {
        "signature": "sha256:fefe1ac34a15c32b9b258e9da99bab7a710cbc15cec33f9e2647f0b7c0ac856d",
        "mods": [
          {
            "modId": "nhwrench",
            "state": "Constructed"
          }
        ]
      },
      {
        "signature": "sha256:3ff5ca066c726e1c8befd24c33c9b887487ffbedb44334265720950a619ae29b",
        "mods": [
          {
            "modId": "ThermalExpansion",
            "state": "Constructed"
          }
        ]
      },
      {
        "signature": "sha256:510e5f0fdd4840fdddb9dfd8b526847631e0afef3e7b3fd0ed1961f235c7aafa",
        "mods": [
          {
            "modId": "BuildCraft|Core",
            "state": "Constructed"
          },
          {
            "modId": "BuildCraft|Silicon",
            "state": "Constructed"
          },
          {
            "modId": "BuildCraft|Transport",
            "state": "Constructed"
          },
          {
            "modId": "BuildCraft|Energy",
            "state": "Constructed"
          },
          {
            "modId": "BuildCraft|Builders",
            "state": "Constructed"
          },
          {
            "modId": "BuildCraft|Factory",
            "state": "Constructed"
          }
        ]
      },
      {
        "signature": "sha256:20db925cd59b1c79b59deb36436fa2d466975b2c25735183cd50f7b6df387768",
        "mods": [
          {
            "modId": "Steamcraft",
            "state": "Constructed"
          }
        ]
      },
      {
        "signature": "sha256:27ed47c2fa10dd162a328dab6dfadf53fcf3ecc1727e9d0829d37946e7df51ae",
        "mods": [
          {
            "modId": "MapWriter",
            "state": "Constructed"
          },
          {
            "modId": "Opis",
            "state": "Constructed"
          }
        ]
      },
      {
        "signature": "sha256:aaab94b8a4977c762493abaefd066b91ceff3a6001cf3ff3ef4cbc27076f3618",
        "mods": [
          {
            "modId": "ExtraUtilities",
            "state": "Constructed"
          }
        ]
      },
      {
        "signature": "sha256:c750e122e25740820cf5fd292db9bd9a1e3b297d4473dc270003cea81153d615",
        "mods": [
          {
            "modId": "TML",
            "state": "Unloaded"
          }
        ]
      },
      {
        "signature": "sha256:f5b8b352407144e8a489844d132143a1b4a81163976461ec956d0f8473f17072",
        "mods": [
          {
            "modId": "StevesCarts",
            "state": "Constructed"
          }
        ]
      },
      {
        "signature": "sha256:6f753823cc5865f7a329cd5fae0e42712fcffb96cc9dcacc71b976ad40efd54e",
        "mods": [
          {
            "modId": "advgenerators",
            "state": "Constructed"
          }
        ]
      },
      {
        "signature": "sha256:95f2f69482a9a1f021423585dc7bacf36ffa10649439cc520e5dd616f9959107",
        "mods": [
          {
            "modId": "Botania",
            "state": "Constructed"
          }
        ]
      },
      {
        "signature": "sha256:45c709dff0ec7e6e53ddf6717c03ee40f48e6beac472cf2cb1dc003c330a5b42",
        "mods": []
      },
      {
        "signature": "sha256:ff2908fb5f87b93630db7a02177d8ff216ff234e4189e5a3974a18048c036af9",
        "mods": [
          {
            "modId": "FZAddons",
            "state": "Constructed"
          }
        ]
      },
      {
        "signature": "sha256:9a5d46485bb9e51f56fa42b33faa2e6008a6d47eda3d30d72dd252d14e37ac45",
        "mods": [
          {
            "modId": "OpenPeripheral",
            "state": "Constructed"
          }
        ]
      },
      {
        "signature": "sha256:33ded4c33158a3d2a301931c6b99831731c7f03dbb852882cf5d857525a2019b",
        "mods": [
          {
            "modId": "EnderTech",
            "state": "Constructed"
          }
        ]
      },
      {
        "signature": "sha256:5bf037fa9699c4b4066a9004a452ffbc623eeda4478b148483dfe7205a29c7a2",
        "mods": [
          {
            "modId": "appliedenergistics2",
            "state": "Constructed"
          }
        ]
      },
      {
        "signature": "sha256:588173c449dcba2381c38195942134a931c3e1ee27aec6396b8a7996a01bba7a",
        "mods": [
          {
            "modId": "ForbiddenMagic",
            "state": "Constructed"
          }
        ]
      },
      {
        "signature": "sha256:210a532c53ab7abbdf1a4a12e2f727b84045301e781fe1cc42e3cfa75f1b5fd9",
        "mods": [
          {
            "modId": "bdlib",
            "state": "Constructed"
          }
        ]
      },
      {
        "signature": "sha256:87317668475d304d4af095bb6e370330f0983710a3d5493fccdb9acef5f0c068",
        "mods": [
          {
            "modId": "BiblioCraft",
            "state": "Constructed"
          }
        ]
      },
      {
        "signature": "sha256:a0250933fe8cc6a44eb098016d4dadaba7746a27efc3d5a7f4f4c9bf247cfe09",
        "mods": []
      },
      {
        "signature": "sha256:66b44e97f2c0a05e773e0542d2d7572211803f658a116b55d144b11a8330fc18",
        "mods": [
          {
            "modId": "Thaumcraft",
            "state": "Constructed"
          }
        ]
      },
      {
        "signature": "sha256:e1c69aedaa6968c3ff2a5df96f3ee024acad30572a26d8bf741caa69998313df",
        "mods": []
      },
      {
        "signature": "sha256:f918e140b8bf5f5b093109d6154fd48a49e510c15be79fb466088b8823979204",
        "mods": [
          {
            "modId": "Forestry",
            "state": "Constructed"
          }
        ]
      },
      {
        "signature": "sha256:dccb14ee0c6dbc99a785fd90d0706b491061a254e3ca1be9eccddd7b7b5acf19",
        "mods": [
          {
            "modId": "OpenBlocks",
            "state": "Constructed"
          }
        ]
      },
      {
        "signature": "sha256:a166dfae5db5d9a8f6fefdd4135094f4e941638d5ade034acba6236ccfb4e89a",
        "mods": [
          {
            "modId": "BigReactors",
            "state": "Constructed"
          }
        ]
      },
      {
        "signature": "sha256:1bc6d3fc6fdec51b697d4a0dabe846fc4f5d329e8ad3c807fd10f880a52ce3dd",
        "mods": [
          {
            "modId": "CustomStuff2",
            "state": "Constructed"
          }
        ]
      },
      {
        "signature": "sha256:6c65a7d28b863aa5e3cc74d05a9e8882b821a77df710192e815e06c2db81e105",
        "mods": [
          {
            "modId": "secretroomsmod",
            "state": "Constructed"
          }
        ]
      },
      {
        "signature": "sha256:2c32fbd3aa702401da4dc7cfd9ca0f657117f4db0dae0e9649987b7aacac6299",
        "mods": [
          {
            "modId": "securitycraft",
            "state": "Constructed"
          }
        ]
      },
      {
        "signature": "sha256:91eb5db287a99293d61106338a89c1a0b016432463e3d9849a12f8f256748992",
        "mods": [
          {
            "modId": "superMassiveTech",
            "state": "Constructed"
          }
        ]
      },
      {
        "signature": "sha256:efeccebc974fcf7580a66b9f5dc7818781b210f3de663639668c46c78708b8ea",
        "mods": [
          {
            "modId": "animalsPlus",
            "state": "Constructed"
          }
        ]
      }
    ],
    "timestamp": 1412227638770,
    "location": "crash_handler",
    "exception": {
      "stack": [
        {
          "class": "java.lang.Class",
          "method": "getDeclaredFields0",
          "line": -2,
          "signatures": []
        },
        {
          "class": "java.lang.Class",
          "method": "privateGetDeclaredFields",
          "line": -1,
          "signatures": []
        },
        {
          "class": "java.lang.Class",
          "method": "getDeclaredField",
          "line": -1,
          "signatures": []
        },
        {
          "class": "cpw.mods.fml.common.ProxyInjector",
          "method": "inject",
          "file": "ProxyInjector.java",
          "line": 43
        },
        {
          "class": "cpw.mods.fml.common.FMLModContainer",
          "method": "constructMod",
          "file": "FMLModContainer.java",
          "line": 492
        },
        {
          "class": "sun.reflect.GeneratedMethodAccessor4",
          "method": "invoke",
          "line": -1,
          "signatures": []
        },
        {
          "class": "sun.reflect.DelegatingMethodAccessorImpl",
          "method": "invoke",
          "line": -1,
          "signatures": []
        },
        {
          "class": "java.lang.reflect.Method",
          "method": "invoke",
          "line": -1,
          "signatures": []
        },
        {
          "class": "com.google.common.eventbus.EventSubscriber",
          "method": "handleEvent",
          "file": "EventSubscriber.java",
          "line": 74,
          "signatures": []
        },
        {
          "class": "com.google.common.eventbus.SynchronizedEventSubscriber",
          "method": "handleEvent",
          "file": "SynchronizedEventSubscriber.java",
          "line": 47,
          "signatures": []
        },
        {
          "class": "com.google.common.eventbus.EventBus",
          "method": "dispatch",
          "file": "EventBus.java",
          "line": 322,
          "signatures": []
        },
        {
          "class": "com.google.common.eventbus.EventBus",
          "method": "dispatchQueuedEvents",
          "file": "EventBus.java",
          "line": 304,
          "signatures": []
        },
        {
          "class": "com.google.common.eventbus.EventBus",
          "method": "post",
          "file": "EventBus.java",
          "line": 275,
          "signatures": []
        },
        {
          "class": "cpw.mods.fml.common.LoadController",
          "method": "sendEventToModContainer",
          "file": "LoadController.java",
          "line": 208
        },
        {
          "class": "cpw.mods.fml.common.LoadController",
          "method": "propogateStateMessage",
          "file": "LoadController.java",
          "line": 187
        },
        {
          "class": "sun.reflect.NativeMethodAccessorImpl",
          "method": "invoke0",
          "line": -2,
          "signatures": []
        },
        {
          "class": "sun.reflect.NativeMethodAccessorImpl",
          "method": "invoke",
          "line": -1,
          "signatures": []
        },
        {
          "class": "sun.reflect.DelegatingMethodAccessorImpl",
          "method": "invoke",
          "line": -1,
          "signatures": []
        },
        {
          "class": "java.lang.reflect.Method",
          "method": "invoke",
          "line": -1,
          "signatures": []
        },
        {
          "class": "com.google.common.eventbus.EventSubscriber",
          "method": "handleEvent",
          "file": "EventSubscriber.java",
          "line": 74,
          "signatures": []
        },
        {
          "class": "com.google.common.eventbus.SynchronizedEventSubscriber",
          "method": "handleEvent",
          "file": "SynchronizedEventSubscriber.java",
          "line": 47,
          "signatures": []
        },
        {
          "class": "com.google.common.eventbus.EventBus",
          "method": "dispatch",
          "file": "EventBus.java",
          "line": 322,
          "signatures": []
        },
        {
          "class": "com.google.common.eventbus.EventBus",
          "method": "dispatchQueuedEvents",
          "file": "EventBus.java",
          "line": 304,
          "signatures": []
        },
        {
          "class": "com.google.common.eventbus.EventBus",
          "method": "post",
          "file": "EventBus.java",
          "line": 275,
          "signatures": []
        },
        {
          "class": "cpw.mods.fml.common.LoadController",
          "method": "distributeStateMessage",
          "file": "LoadController.java",
          "line": 118
        },
        {
          "class": "cpw.mods.fml.common.Loader",
          "method": "loadMods",
          "file": "Loader.java",
          "line": 492
        },
        {
          "class": "cpw.mods.fml.server.FMLServerHandler",
          "method": "beginServerLoading",
          "file": "FMLServerHandler.java",
          "line": 87
        },
        {
          "class": "cpw.mods.fml.common.FMLCommonHandler",
          "method": "onServerStart",
          "file": "FMLCommonHandler.java",
          "line": 317
        },
        {
          "class": "net.minecraft.server.dedicated.DedicatedServer",
          "method": "func_71197_b",
          "file": "DedicatedServer.java",
          "line": 170
        },
        {
          "class": "net.minecraft.server.MinecraftServer",
          "method": "run",
          "file": "MinecraftServer.java",
          "line": 620
        },
        {
          "class": "java.lang.Thread",
          "method": "run",
          "line": -1,
          "signatures": []
        }
      ],
      "exception": "java.lang.NoClassDefFoundError",
      "message": "Lnet/minecraft/client/settings/KeyBinding;",
      "cause": {
        "stack": [
          {
            "class": "net.minecraft.launchwrapper.LaunchClassLoader",
            "method": "findClass",
            "file": "LaunchClassLoader.java",
            "line": 188
          },
          {
            "class": "java.lang.ClassLoader",
            "method": "loadClass",
            "line": -1,
            "signatures": []
          },
          {
            "class": "java.lang.ClassLoader",
            "method": "loadClass",
            "line": -1,
            "signatures": []
          }
        ],
        "exception": "java.lang.ClassNotFoundException",
        "message": "net.minecraft.client.settings.KeyBinding",
        "cause": {
          "stack": [
            {
              "class": "org.objectweb.asm.ClassReader",
              "method": "\u003cinit\u003e",
              "line": -1,
              "signatures": []
            },
            {
              "class": "cpw.mods.fml.common.asm.transformers.TerminalTransformer",
              "method": "transform",
              "file": "TerminalTransformer.java",
              "line": 14
            },
            {
              "class": "net.minecraft.launchwrapper.LaunchClassLoader",
              "method": "runTransformers",
              "file": "LaunchClassLoader.java",
              "line": 276
            },
            {
              "class": "net.minecraft.launchwrapper.LaunchClassLoader",
              "method": "findClass",
              "file": "LaunchClassLoader.java",
              "line": 174
            }
          ],
          "exception": "java.lang.NullPointerException",
          "message": ""
        }
      }
    },
    "random": -393784884,
    "resolved": true,
    "branding": [
      "Minecraft 1.7.10",
      "MCP v9.05",
      "FML v7.10.25.1207",
      "Minecraft Forge 10.13.0.1207",
      "164 mods loaded, 164 mods active"
    ],
    "runtime": {
      "mcp": "MCP v9.05",
      "fml": "7.10.25.1207",
      "forge": "10.13.0.1207"
    },
    "minecraft": "Minecraft 1.7.10",
    "javaVersion": "Oracle Corporation 1.8.0_11",
    "side": "server",
    "obfuscated": true,
    "type": "crashlog"
  }
]