[
  {
    "signature": "sha256:d91686b65ed25e0a80374e0268f9dd155e3f07b216805d28652377c33fe40d1f",
    "size": 185463,
    "mods": [
      {
        "modId": "CompactMachines",
        "name": "Compact Machines",
        "version": "1.7.10-1.3",
        "description": "Allows you to fit many machines inside a single block",
        "url": "https://github.com/thraaawn/CompactMachines",
        "updateUrl": "",
        "credits": "Pahimar, ChickenBones and more",
        "parent": "",
        "authors": [
          "Davenonymous"
        ],
        "mcVersion": "[1.7.10,1.7.10]",
        "requiredMods": [],
        "dependants": [],
        "dependencies": [
          {
            "label": "appliedenergistics2",
            "version": "any"
          }
        ]
      }
    ],
    "tweakers": [],
    "classTransformers": [],
    "packages": [
      "org.dave.CompactMachines.integration.fluid",
      "org.dave.CompactMachines.integration.appeng",
      "org.dave.CompactMachines.network",
      "org.dave.CompactMachines.tileentity",
      "org.dave.CompactMachines.inventory",
      "org.dave.CompactMachines.creativetab",
      "org.dave.CompactMachines.integration.redstoneflux",
      "org.dave.CompactMachines.block",
      "org.dave.CompactMachines.handler",
      "org.dave.CompactMachines.utility",
      "cofh.api.energy",
      "org.dave.CompactMachines.integration.item",
      "org.dave.CompactMachines.handler.machinedimension",
      "org.dave.CompactMachines.item",
      "org.dave.CompactMachines.integration",
      "org.dave.CompactMachines.proxy",
      "org.dave.CompactMachines.client.gui.inventory",
      "org.dave.CompactMachines.reference",
      "cofh.api",
      "org.dave.CompactMachines.init",
      "org.dave.CompactMachines"
    ],
    "type": "file_info"
  },
  {
    "signature": "sha256:1f154dc9a2ac0b941c2648dc5f7df72e90755883ec683acbb3079a6d599da93f",
    "size": 532312,
    "mods": [
      {
        "modId": "appaero",
        "name": "AppliedAerodynamics",
        "version": "2.1.3.509",
        "description": "Childmod of IntelliE (IE). Adds tools and armor to make live easier for builders.",
        "url": "https://github.com/thatsIch/IntelliE",
        "updateUrl": "",
        "credits": "JetBrains for the IDE, ForgeDevs for Forge, AlgorithmX2 for AE and #AE for this",
        "parent": "intellie",
        "authors": [],
        "mcVersion": "[1.7.10,1.7.10]",
        "requiredMods": [
          {
            "label": "intellie",
            "version": "any"
          }
        ],
        "dependants": [],
        "dependencies": [
          {
            "label": "intellie",
            "version": "any"
          }
        ]
      },
      {
        "modId": "appaeronei",
        "name": "AppliedAerodynamicsNEI",
        "version": "2.1.3.509",
        "description": "Integrationmod for Applied Aerodynamics and NEI.",
        "url": "https://github.com/thatsIch/IntelliE",
        "updateUrl": "",
        "credits": "JetBrains for the IDE, ForgeDevs for Forge, AlgorithmX2 for AE and #AE for this",
        "parent": "appaero",
        "authors": [],
        "mcVersion": "[1.7.10,1.7.10]",
        "requiredMods": [],
        "dependants": [],
        "dependencies": [
          {
            "label": "appaero",
            "version": "any"
          },
          {
            "label": "NotEnoughItems",
            "version": "any"
          }
        ]
      },
      {
        "modId": "intellie",
        "name": "IntelliE",
        "version": "2.1.3.509",
        "description": "Addon to Applied Energistics (AE). Adds smart things to AE.",
        "url": "https://github.com/thatsIch/IntelliE",
        "updateUrl": "",
        "credits": "JetBrains for the IDE, ForgeDevs for Forge, AlgorithmX2 for AE and #AE for this",
        "parent": "",
        "authors": [],
        "mcVersion": "[1.7.10,1.7.10]",
        "requiredMods": [
          {
            "label": "appliedenergistics2",
            "version": "[rv1-beta-1,)"
          },
          {
            "label": "FML",
            "version": "[5.0.5,)"
          },
          {
            "label": "Forge",
            "version": "[7.0,)"
          }
        ],
        "dependants": [],
        "dependencies": [
          {
            "label": "Forge",
            "version": "[7.0,)"
          },
          {
            "label": "FML",
            "version": "[5.0.5,)"
          },
          {
            "label": "appliedenergistics2",
            "version": "[rv1-beta-1,)"
          },
          {
            "label": "NotEnoughItems",
            "version": "any"
          }
        ]
      }
    ],
    "tweakers": [],
    "classTransformers": [],
    "packages": [
      "de.thatsich.minecraft.intellie.applied.aerodynamics.proxy.module.suite",
      "de.thatsich.minecraft.intellie.applied.agricultures",
      "de.thatsich.minecraft.intellie.applied.aerodynamics.proxy.module.suite.freerunner.item.config",
      "de.thatsich.minecraft.intellie.applied.aerodynamics",
      "de.thatsich.minecraft.intellie.applied.aerodynamics.proxy.module.suite.freerunner.item.movementlogic",
      "de.thatsich.minecraft.intellie.applied.aerodynamics.proxy.module.suite.horseshoes.item.tags",
      "de.thatsich.minecraft.common",
      "de.thatsich.minecraft.intellie.applied.aerodynamics.proxy.module.suite.common.item.config",
      "de.thatsich.minecraft.common.util.nbt",
      "de.thatsich.minecraft.intellie.applied.aerodynamics.proxy.module.disassembler.item.config",
      "de.thatsich.minecraft.intellie.applied.agricultures.harvester",
      "de.thatsich.minecraft.intellie.applied.intelligences.grassifier",
      "de.thatsich.minecraft.common.proxy.module.block",
      "de.thatsich.minecraft.intellie.applied.aerodynamics.proxy.module.suite.horseshoes.item.steplogic",
      "de.thatsich.minecraft.common.proxy.module.craftrecipe",
      "de.thatsich.minecraft.intellie.applied.intelligences.builder",
      "de.thatsich.minecraft.common.util",
      "de.thatsich.minecraft.intellie.applied.aerodynamics.proxy.module.creativetab",
      "de.thatsich.minecraft.intellie.applied.intelligences.router",
      "de.thatsich.minecraft.common.util.string.id",
      "de.thatsich.minecraft.intellie.applied.intelligences.intersection",
      "de.thatsich.minecraft.intellie.applied.aerodynamics.proxy.module.suite.chestnut",
      "de.thatsich.minecraft.intellie.applied.aerodynamics.proxy.module.disassembler.tags",
      "de.thatsich.minecraft.intellie.applied.aerodynamics.proxy.module.skystoneingot.recipe",
      "de.thatsich.minecraft.intellie.applied.intelligences.bore",
      "de.thatsich.minecraft.intellie.applied.aerodynamics.proxy.module.disassembler.item",
      "de.thatsich.minecraft.intellie.applied.aerodynamics.proxy.module.workbench",
      "de.thatsich.minecraft.intellie.applied.aerodynamics.proxy.module.suite.freerunner.recipe",
      "de.thatsich.minecraft.intellie.applied.aerodynamics.proxy.module.suite.common",
      "de.thatsich.minecraft.intellie.applied.intelligences.packager",
      "de.thatsich.minecraft.common.proxy.module.container",
      "de.thatsich.minecraft.intellie.applied.aeronei",
      "de.thatsich.minecraft.intellie.applied.aerodynamics.proxy.module.suite.horseshoes",
      "de.thatsich.minecraft.intellie.applied.aerodynamics.proxy.module.disassembler.recipe",
      "de.thatsich.minecraft.intellie.applied.aerodynamics.proxy.module.bench.recipe",
      "de.thatsich.minecraft.common.config",
      "de.thatsich.minecraft.common.proxy.module.registry",
      "de.thatsich.minecraft.intellie.applied.aerodynamics.proxy.module.suite.freerunner.item",
      "de.thatsich.minecraft.intellie.applied.aerodynamics.proxy",
      "de.thatsich.minecraft.common.proxy.module.recipe",
      "de.thatsich.minecraft.intellie.applied.aerodynamics.proxy.module.suite.skydiver",
      "de.thatsich.minecraft.common.log",
      "de.thatsich.minecraft.intellie.applied.aerodynamics.proxy.module.suite.freerunner",
      "de.thatsich.minecraft.intellie.applied.aerodynamics.proxy.module.skystoneingot",
      "de.thatsich.minecraft.intellie.applied.intelligences.exchanger",
      "de.thatsich.minecraft.common.util.string",
      "de.thatsich.minecraft.intellie.applied.aerodynamics.proxy.module",
      "de.thatsich.minecraft.intellie.applied.intelligences.laywire",
      "de.thatsich.minecraft.intellie.applied.aerodynamics.proxy.module.suite.common.tags",
      "de.thatsich.minecraft.intellie.applied.intelligences",
      "de.thatsich.minecraft.intellie.applied.aerodynamics.proxy.module.bench.client",
      "de.thatsich.minecraft.intellie.applied.aerodynamics.proxy.module.suite.common.item",
      "de.thatsich.minecraft.common.proxy.module.util",
      "de.thatsich.minecraft.common.proxy.module.gui",
      "de.thatsich.minecraft.intellie",
      "de.thatsich.minecraft.common.proxy.module",
      "de.thatsich.minecraft.common.proxy",
      "de.thatsich.minecraft.intellie.applied.aerodynamics.proxy.module.disassembler",
      "de.thatsich.minecraft.common.proxy.module.item",
      "de.thatsich.minecraft.common.network",
      "de.thatsich.minecraft.intellie.applied.aerodynamics.proxy.module.bench",
      "de.thatsich.minecraft.intellie.applied.intelligences.diff",
      "de.thatsich.minecraft.intellie.applied.aerodynamics.proxy.module.suite.horseshoes.recipe",
      "de.thatsich.minecraft.intellie.child",
      "de.thatsich.minecraft.intellie.applied.intelligences.drawbridge",
      "de.thatsich.minecraft.intellie.applied.intelligences.filler",
      "de.thatsich.minecraft.intellie.applied.aerodynamics.proxy.module.suite.horseshoes.item",
      "de.thatsich.minecraft.intellie.applied.intelligences.implosionsingularity",
      "de.thatsich.minecraft.intellie.applied.aerodynamics.proxy.module.suite.horseshoes.item.config"
    ],
    "type": "file_info"
  }
]