6a8ri3l,62f94a19-b415-49af-9dcc-444db5c6a2d3
allhandsondeck19,2243ff89-5687-4b50-b1a1-aac610284c4d
anstypu,d7a270da-8ef7-4915-a73d-85a9fe1a252f
bluestorm24,78cab943-f9e4-455a-b253-6f9352ff61f4
bulent1969,7c8a27d0-a980-4897-96b7-077cf06a8de1
buttermaster25,d50b8d38-22c0-49ef-8433-9c2b21e41e61
byakuren67856,31fe9931-f2cb-4196-b4c8-95c2a9d8ce5d
caboy04,7c97800c-5379-4316-933e-88be7e70442a
connor1234567821,908c9aec-eb7d-4892-adcb-4bf48e434847
epic_win145,1942104f-fcba-40f5-84f2-69ce9247031f
faction_8c0043e4_6168_4f7d_9a39_1622276f4c63,23822c08-2cbe-3d53-bc15-7180f5e8e043
faction_d681a744_661b_47f6_8806_8dfc482bf874,6c4e3b7e-4b1a-357f-a8fa-e03e8397b044
faction_eacd1b85_2fea_4a73_a243_84737a49000f,8e98bdfc-47dc-34ab-be96-35c4782eec49
faction_f15e0fa4_2b29_40a6_8cf8_c6250eeded55,a512786f-2e7d-393e-aa7b-bfa5db6a9786
faction_fabd5a2b_3422_4a5c_8945_ace526f8a806,69e8a130-51a3-3a56-b8cc-b8ee601e5b91
falokii,f46b7bc0-b623-4641-ba9f-10a65faed630
fiskejonas,25a2f74f-6ea0-4a73-b89e-fa793591537c
general_voc,5c098644-f174-4eed-a5e2-d86e3657e30b
golden,88d0df44-73ce-46a8-a458-e2fb6b07fc40
heyduzocker,7ce46fcf-820f-4004-b814-3fa1e32daa9d
jamaicanbanana3,671b3142-3d97-461d-9d5d-c8fb14682b30
jesseb12,2c9494f6-ed35-433e-9638-04cc944fe4b7
jhawkstalker,080262d2-7f18-4a11-96e5-8eaaf1b3c22e
joeynsb,be0d1b8f-24a4-44ef-b0c9-a75a71555447
johnthepirate_,880859a0-bafe-4796-b19a-1d03473d6e1d
kaosi,01349765-9b4f-4dec-883f-b1469c24b7eb
keilad,3c3eccd4-1ce3-4701-b6f8-7e083b08ae7a
legomaster63,5008793c-b3a8-48e0-8e46-b140d9604f7d
lightningdoesmc,b742c9de-92da-4c42-8e23-4a866e4d3beb
oddyst,ddc270a9-846c-4412-9c78-961fd501aaa7
rainbowninjaswag,8fe6c124-bb89-48ba-92f1-13ad548d2913
rambo262,7f7d8eb8-6636-4e39-a76c-1e39231110c6
robbied39,f24e9866-27ce-4c6a-b908-419d394500d2
sduc_tricex,01250d20-3dfc-46c4-80f5-8483b73f9c65
starcloud5,9dec1e7c-0648-4a5c-a54c-d35a08715da8
stiedidr,3415d056-b02a-4e9d-9169-3f19069368c9
telamon1122,355398ed-90e0-46ff-b9df-a4a2f4648307
thecoke254,b4c4132a-e1d5-44f8-91ef-a9c51591de11
tigerstar186,2994809c-69f7-468a-904a-03b209c88d7d
tylershy04,be719f04-885d-42b2-84e1-0a17eaeb70fb
vincenzo0o0,791b5e3d-214b-4130-b0a3-11bc9a90e77d
xileforce,03f90620-3f73-4d73-b525-1c1016e4d992
xmattmasterx,0e826c77-7fd0-423e-b8b7-3efc72b942ae
