[
  {
    "url": "http://openeye.openmods.info/crashes/dc7a19e5af8a9a4c6d2743c1d84d7abb",
    "type": "known_crash"
  },
  {
    "url": "http://openeye.openmods.info/crashes/948ff7d586db5faf9a17503713d0958f",
    "type": "known_crash"
  },
  {
    "url": "http://openeye.openmods.info/crashes/d5a0e956d558025fae6ad80c603067e2",
    "type": "known_crash"
  },
  {
    "url": "http://openeye.openmods.info/crashes/dde1b2ec9012ccfb1da7f567d8dbdf6d",
    "type": "known_crash"
  },
  {
    "url": "http://openeye.openmods.info/crashes/3984f1cc0e4209e3a95105b6f9dd9d53",
    "type": "known_crash"
  },
  {
    "url": "http://openeye.openmods.info/crashes/23227048515e066d7837a0e2e78c8750",
    "type": "known_crash"
  },
  {
    "url": "http://openeye.openmods.info/crashes/dc7a19e5af8a9a4c6d2743c1d84d7abb",
    "type": "known_crash"
  },
  {
    "url": "http://openeye.openmods.info/crashes/dc7a19e5af8a9a4c6d2743c1d84d7abb",
    "type": "known_crash"
  },
  {
    "url": "http://openeye.openmods.info/crashes/dc7a19e5af8a9a4c6d2743c1d84d7abb",
    "type": "known_crash"
  }
]