[
  {
    "reportType": "crashlog",
    "reportIndex": 1,
    "debug": {
      "statusCode": 2,
      "message": "localhost:27017: The argument to $each in $addToSet must be an array but it was of type Object",
      "stacktrace": "#0 /var/www/html/openeye.openmods.info/src/OpenData/Services/CrashesService.php(253): MongoCollection-\u003eupdate(Array, Array)\n#1 /var/www/html/openeye.openmods.info/src/OpenData/PacketHandlers/CrashLog.php(40): OpenData\\Services\\CrashesService-\u003eadd(Array)\n#2 /var/www/html/openeye.openmods.info/src/OpenData/Controllers/ApiController.php(151): OpenData\\PacketHandlers\\CrashLog-\u003eexecute(Array)\n#3 [internal function]: OpenData\\Controllers\\ApiController-\u003emain(Object(Symfony\\Component\\HttpFoundation\\Request))\n#4 /var/www/html/openeye.openmods.info/vendor/symfony/http-kernel/Symfony/Component/HttpKernel/HttpKernel.php(126): call_user_func_array(Array, Array)\n#5 /var/www/html/openeye.openmods.info/vendor/symfony/http-kernel/Symfony/Component/HttpKernel/HttpKernel.php(66): Symfony\\Component\\HttpKernel\\HttpKernel-\u003ehandleRaw(Object(Symfony\\Component\\HttpFoundation\\Request), 1)\n#6 /var/www/html/openeye.openmods.info/vendor/silex/silex/src/Silex/Application.php(538): Symfony\\Component\\HttpKernel\\HttpKernel-\u003ehandle(Object(Symfony\\Component\\HttpFoundation\\Request), 1, true)\n#7 /var/www/html/openeye.openmods.info/vendor/symfony/http-kernel/Symfony/Component/HttpKernel/HttpCache/HttpCache.php(472): Silex\\Application-\u003ehandle(Object(Symfony\\Component\\HttpFoundation\\Request), 1, true)\n#8 /var/www/html/openeye.openmods.info/vendor/symfony/http-kernel/Symfony/Component/HttpKernel/HttpCache/HttpCache.php(243): Symfony\\Component\\HttpKernel\\HttpCache\\HttpCache-\u003eforward(Object(Symfony\\Component\\HttpFoundation\\Request), true)\n#9 /var/www/html/openeye.openmods.info/vendor/symfony/http-kernel/Symfony/Component/HttpKernel/HttpCache/HttpCache.php(260): Symfony\\Component\\HttpKernel\\HttpCache\\HttpCache-\u003epass(Object(Symfony\\Component\\HttpFoundation\\Request), true)\n#10 /var/www/html/openeye.openmods.info/vendor/symfony/http-kernel/Symfony/Component/HttpKernel/HttpCache/HttpCache.php(189): Symfony\\Component\\HttpKernel\\HttpCache\\HttpCache-\u003einvalidate(Object(Symfony\\Component\\HttpFoundation\\Request), true)\n#11 /var/www/html/openeye.openmods.info/vendor/silex/silex/src/Silex/HttpCache.php(35): Symfony\\Component\\HttpKernel\\HttpCache\\HttpCache-\u003ehandle(Object(Symfony\\Component\\HttpFoundation\\Request))\n#12 /var/www/html/openeye.openmods.info/web/index.php(14): Silex\\HttpCache-\u003erun()\n#13 {main}"
    },
    "type": "error"
  }
]