[
  {
    "signature": "sha256:51a57f26f90152cb68cb4f3cdaa477f41657e09a9dd869837c721fa5be3d56e1",
    "size": 661854,
    "mods": [
      {
        "modId": "TerrainControl",
        "name": "Terrain Control",
        "version": "2.7.0-SNAPSHOT",
        "description": "Advanced custom world generator. Based on R-T-B\u0027s PhoenixTerrainMod, which itself is based on Bucyruss\u0027 BiomeTerrainMod.",
        "url": "http://dev.bukkit.org/bukkit-plugins/terrain-control/",
        "updateUrl": "",
        "credits": "",
        "parent": "",
        "authors": [],
        "mcVersion": "[1.7.10,1.7.10]",
        "requiredMods": [],
        "dependants": [],
        "dependencies": []
      }
    ],
    "tweakers": [],
    "classTransformers": [],
    "packages": [
      "com.khorn.terraincontrol.generator.resource",
      "com.khorn.terraincontrol.generator.surface",
      "com.khorn.terraincontrol.bukkit.events",
      "com.khorn.terraincontrol.configuration.io",
      "com.khorn.terraincontrol.generator.noise",
      "com.khorn.terraincontrol.logging",
      "com.khorn.terraincontrol.forge.generator.structure",
      "com.khorn.terraincontrol.forge.generator",
      "com.khorn.terraincontrol.bukkit.generator",
      "com.khorn.terraincontrol.bukkit.metrics",
      "com.khorn.terraincontrol.generator.terrain",
      "com.khorn.terraincontrol.generator.biome.layers",
      "com.khorn.terraincontrol.customobjects",
      "com.khorn.terraincontrol.util.helpers",
      "com.khorn.terraincontrol.forge",
      "com.khorn.terraincontrol.generator.biome",
      "com.khorn.terraincontrol.util",
      "com.khorn.terraincontrol.bukkit.commands.runnable",
      "com.khorn.terraincontrol.configuration.standard",
      "com.khorn.terraincontrol.generator",
      "com.khorn.terraincontrol.bukkit",
      "com.khorn.terraincontrol.customobjects.bo3",
      "com.khorn.terraincontrol.forge.events",
      "com.khorn.terraincontrol.util.minecraftTypes",
      "com.khorn.terraincontrol.customobjects.bo2",
      "com.khorn.terraincontrol.bukkit.generator.structures",
      "com.khorn.terraincontrol.exception",
      "com.khorn.terraincontrol.forge.util",
      "com.khorn.terraincontrol",
      "com.khorn.terraincontrol.configuration",
      "com.khorn.terraincontrol.configuration.settingType",
      "com.khorn.terraincontrol.events",
      "com.khorn.terraincontrol.bukkit.util",
      "com.khorn.terraincontrol.bukkit.commands"
    ],
    "type": "file_info"
  }
]