[
  {
    "signatures": [
      {
        "signature": "sha256:31ebaec8d2e5af4c8bb7401f9edd0d194a94c7dcfc9ed158eaef1ea0afc88eb8",
        "filename": "ihl-tools_n_machines-0.508-1.7.10.jar"
      },
      {
        "signature": "sha256:7135209ae9d41c778590bb77800d6596f438780b6e90f2eed7c31696063a53c0",
        "filename": "liquid-xp-59.0.0.jar"
      },
      {
        "signature": "sha256:48c840235b3aed87c769f655fc71e732916ea764a593e2d9b334bd74d6bc499d",
        "filename": "RefinedRelocation-1.7.10-1.0.6b.jar"
      },
      {
        "signature": "sha256:ea4034873db481138b8a723542c76755f188510b5528fcf7a905561e6d074730",
        "filename": "IntelligentEnergistics-1.7.10-2.1.3.430-universal.jar"
      },
      {
        "signature": "sha256:484fb71a8e516ef1224abfacbd1b2ca0ec6ab00e62ba2725694994da1fec905b",
        "filename": "MineFactoryReloaded-[1.7.10]2.8.0RC3-591.jar"
      },
      {
        "signature": "sha256:bd8bb1e16299e8244d8ec7cdeda5404396bafee7b3bfec907d8082e383b7d972",
        "filename": "universal-electricity-4.0.0.51-core.jar"
      },
      {
        "signature": "sha256:f589856eec93d3a109cb36cd1066e6f0b3925baf1a5959f1b699f11370ba1c56",
        "filename": "ThaumicExploration-1.7.10-1.1-15.jar"
      },
      {
        "signature": "sha256:ff63ca5144efd3b2a28e3870cadf6be52c8d111360a4bf6fcbf856bc5ee8767c",
        "filename": "ProgressiveAutomation-1.7.10-1.4.3.jar"
      },
      {
        "signature": "sha256:2bc20a85683ad696f8a3bb6e97cd92a03e79f7138c4d9eebc32425709264bddc",
        "filename": "CoFHCore-[1.7.10]3.0.0B6-32.jar"
      },
      {
        "signature": "sha256:01148a2f34ed56f515bca7c3f250e6a11e5b23712b3c35f98e8dcc8e1da3b60c",
        "filename": "BuildcraftAdditions-1.7.10-1.6.4.jar"
      },
      {
        "signature": "sha256:da55777cec94b120aa470272ec35f32fba5ebbeac4c8cfc88cf5a3c9df868ded",
        "filename": "ChemLab-1.7.10-pr-2.03i4.jar"
      },
      {
        "signature": "sha256:8302bd70cb57b75058dcad3e4d1c980d4ce717ed9e66ab06f4ef41f1c576ac84",
        "filename": "OpenComputers-MC1.7.10-1.3.3.54-universal.jar"
      },
      {
        "signature": "sha256:9a22e8bf2a2230d355b59f424d81f5d28040283d36bed91ea222f380ea6db6c2",
        "filename": "bdlib-mc1710-1.4.4.17.jar"
      },
      {
        "signature": "sha256:74b744c16450c5d20b8cfe8ea083fe083b445e6c6ed876d31b4a7e25adcc528e",
        "filename": "OpenPeripheralCore-1.7.10-0.5.0-snapshot-141.jar"
      },
      {
        "signature": "sha256:ef067ae9c76085f79a3c99ebdc0feca2210f464d167e409ab8fa5a081acc022b",
        "filename": "ForgeMultipart-1.7.10-1.1.0.300-universal.jar"
      },
      {
        "signature": "sha256:769985e3a207113e6770e2c972c5463d81d1854a599b4238cbbe6b32630a85d2",
        "filename": "CodeChickenCore-1.7.10-1.0.2.9-universal.jar"
      },
      {
        "signature": "sha256:21e2dede0b1b238c8e1a0aff4ea5a2fd509a28d1811d1e84d51763f81cf5d1fb",
        "filename": "BiblioCraft[v1.7.5][MC1.7.10].jar"
      },
      {
        "signature": "sha256:55dfd86410fae33ac968682b46bac63a30fe2cf379dc13d5dd0af7cb021787c2",
        "filename": "AdvancedSolarPanel-1.7.10-3.5.1.jar"
      },
      {
        "signature": "sha256:715b60a1eff967a6e2abf47df76c1dccd54fbae0f1bc08f749aa5e3f356838ee",
        "filename": "MineTweaker3-1.7.10-3.0.8B.jar"
      },
      {
        "signature": "sha256:2dd345961d180fb991be829309677d1ea9d4ef3f7e64b7dd503caccac850449f",
        "filename": "resonant-engine-2.0.0.87-core.jar"
      },
      {
        "signature": "sha256:389b75eb3b6b61a363136f21fac6b8f55b3dcef3b3c52ad26409cf02cc34367c",
        "filename": "AOBD-2.2.4.jar"
      },
      {
        "signature": "sha256:dfaa0ec18708c8e9ac0585ac6a6ecb1f05030569b5b0ee4a8a0294168440a9a7",
        "filename": "NodalMechanics-1.7-1.0-3.jar"
      },
      {
        "signature": "sha256:29b8420b6b9658201615077c882e465e54e34efaa85a1e8fa55a942707192ec0",
        "filename": "NetherOres-[1.7.10]2.3.0RC3-84.jar"
      },
      {
        "signature": "sha256:e2a62eafd2ad8876424517b52f327b03c2bdca9e013a5fe5b4e75fe03446a4bf",
        "filename": "MekanismTools-1.7.10-7.1.0.92.jar"
      },
      {
        "signature": "sha256:9eedde453ebfc4b78789dbbf8febaa5748d20abefc4e85042d8052be308bd7de",
        "filename": "Electrified Trinkets-1.7.10-1.0.33.jar"
      },
      {
        "signature": "sha256:9615ea4bf215d660dd465d27b290991f83db380200422d6033abeaa3f574a60e",
        "filename": "TMechworks_mc1.7.10_0.2.8.jar"
      },
      {
        "signature": "sha256:52da468343c7357fc3c9661b7218ac8e25c8e24f962c1a1c9eb8021f3d6cdcb3",
        "filename": "forestry_1.7.10-3.0.0.90.jar"
      },
      {
        "signature": "sha256:b886a32d2a8102e36e89e726721dfe1602ff115677fbe43da8ece99ae9e7bacb",
        "filename": "Chisel-1.7.10-1.5.6b.jar"
      },
      {
        "signature": "sha256:ba9ebf5c4f2df9b33a0336a639c097c0eef5ab2f53fe2e721ef8b885bffa7805",
        "filename": "Mekanism-1.7.10-7.1.0.92.jar"
      },
      {
        "signature": "sha256:8fe70abb999d96383a63bffd657f21fec680a6b13850af1943bb46218833de65",
        "filename": "Baubles-1.7.10-1.0.1.7.jar"
      },
      {
        "signature": "sha256:b587e4091d88a0ef889fccd2826d0565b89216b9552fdc24482d80146ebe0ecf",
        "filename": "SuperMassiveTech-1.7.10-0.2.0-alpha-88.jar"
      },
      {
        "signature": "sha256:26e99ec3bd61d4d7e1deb3d255c6e39c7d3febebcaa6caebdaf052c6fae2104c",
        "filename": "tubestuff-59.0.1.jar"
      },
      {
        "signature": "sha256:11d61c3b2db408169655a10c7ff2768a20cd74e2864ff46b58e296298dc711c0",
        "filename": "Metallurgy-1.7.10-4.0.4.43.jar"
      },
      {
        "signature": "sha256:132e80dfe53c2b42d7a59cfb98ef3b78b4f6185e5ab894fd331c370aa22f4e70",
        "filename": "Forge.jar"
      },
      {
        "signature": "sha256:668ddff6ed10926a1ac667fb43b310d8ef2b6b272acafde32aef0d85db3e2858",
        "filename": "BigReactors-0.4.0rc8.jar"
      },
      {
        "signature": "sha256:39ae914d807cd7fbd321daab84af9a6615718d63e3d9cbb7c3a7e2ef76cfc8e9",
        "filename": "Amalgam-0.4.1.jar"
      },
      {
        "signature": "sha256:726f8889c2610f3b96f07615a63f898608c49409a400108d942a25166665fdc1",
        "filename": "OpenModsLib-1.7.10-0.6-snapshot-224.jar"
      },
      {
        "signature": "sha256:53e0326c79d4edd5d7637cd21403b0373b8c3de2ca647bed1005907de836dcbc",
        "filename": "ThermalFoundation-[1.7.10]1.0.0B3-8.jar"
      },
      {
        "signature": "sha256:503cb4404a1e6eedea6cf52c35ddc188ef944f4a94ef8a2b466720a3e68ab496",
        "filename": "appliedenergistics2-rv1-beta-19.jar"
      },
      {
        "signature": "sha256:ee4dc93ab27b06e4fcc9b8128cc53627faa767fca9ff09bc7ecd153f65d94efb",
        "filename": "generators-mc1710-0.9.1.9.jar"
      },
      {
        "signature": "sha256:ecc5aba6b8669c331c83204c94296158ba73ca070d1936f815ab5baa8f744516",
        "filename": "magicbees-1.7.10-2.1.19.jar"
      },
      {
        "signature": "sha256:f68c5771d3d1e2f47fae80f3ceaf87d437eb6887ba5b0dd9018f258b754a6326",
        "filename": "CoFHLib-[1.7.10]1.0.0B6-26.jar"
      },
      {
        "signature": "sha256:e569d5713b871e82e77a6da6c37261ebcfa9529d9a1ec9fd9dd950e5ca47c98b",
        "filename": "natura-1.7.10-2.2.0-b1.jar"
      },
      {
        "signature": "sha256:32a7448bd613742414166489c681ce805ed28c4985fa63c636a3e6ca8643c570",
        "filename": "gasesFrameworkCore-1.0.6-1.7.10.jar"
      },
      {
        "signature": "sha256:aed0a91f3f8bb306ca06a1800ab16737d82e9cd92b10a6856f7f9ca18d493910",
        "filename": "Factorization-1.7.10-0.8.87.1.jar"
      },
      {
        "signature": "sha256:452c6277f50d8dff91fee60591f694404932376f910e4c31da61c0e3c321b90c",
        "filename": "enetbridge-1.4.jar"
      },
      {
        "signature": "sha256:baf8ed6e119afccf0bc3a27c144576c952660443473b0ac31624012c7c9e092e",
        "filename": "PowerConverters-1.7.10-3.0.0.25.jar"
      },
      {
        "signature": "sha256:a18dc5cab8c25aacee227c186ee1e1977a303e63996d4b7488a37f0518101225",
        "filename": "Forbidden Magic-1.7.10-0.51.jar"
      },
      {
        "signature": "sha256:d3129fe29ea6b076a6dd42246f05521eb5275b88eb967cef8e946921087a60f7",
        "filename": "ttCore-MC1.7.10-0.0.2-7.jar"
      },
      {
        "signature": "sha256:5aac09e16c0f8bac776aea9abc876b6a47460c3bab420a5090e26db8d8e53d60",
        "filename": "GraviSuite-1.7.10-2.0.1.jar"
      },
      {
        "signature": "sha256:230ffd0d9803950099e675ea476736035c7629d84c2aee51f34d8f7c85c5d77a",
        "filename": "ExtraCells-2.1.10.jar"
      },
      {
        "signature": "sha256:469872fff9e172600ad0eb77c78c91b741360b7a8c93c0bbb62ae341d8e66acb",
        "filename": "advanced-machines-59.0.1.jar"
      },
      {
        "signature": "sha256:f83faaa25fae6c80d697e494ac9c99b821b99a122dc34365a562348eeb49d27d",
        "filename": "immibis-peripherals-59.0.0.jar"
      },
      {
        "signature": "sha256:608448e334971faba8ab3c4aec43417789a421d0bd4befcbba2306da852bed5a",
        "filename": "Mantle-mc1.7.10-0.3.1.jar"
      },
      {
        "signature": "sha256:607eb74add05e89715076f8b2488cc1ab2130422fba809f2d9b248d5438cdae7",
        "filename": "gases-1.5.2-1.7.10.jar"
      },
      {
        "signature": "sha256:8979a07b1748bea2fa26fe2c3c83a07ddc5139f0e7ce3fd2cb71c45403cb3e77",
        "filename": "industrialcraft-2-2.2.632-experimental.jar"
      },
      {
        "signature": "sha256:35250594eaa4937e8df3187157fcfe42b066a9bebb5d69ae957479e5730f0f25",
        "filename": "RedstoneArsenal-[1.7.10]1.1.0B4-10.jar"
      },
      {
        "signature": "sha256:f6f45d3c09ba28f233f0708b084ed72e311d081e0b8961b7efdb87e6d9edc55a",
        "filename": "AetherCraft-1.7.10-1.4.5.68.jar"
      },
      {
        "signature": "sha256:100eb7ba89cea4c51fe6aa72ec6da28132556d920d945ac18d09575239b9f0f3",
        "filename": "ElectricalAge_BETA-1.9_r40.jar"
      },
      {
        "signature": "sha256:9377bd501ce3be8a44466be90e92a553b7659c0a8755fabc9c11857874a94f64",
        "filename": "adv-repulsion-systems-59.0.1.jar"
      },
      {
        "signature": "sha256:688b8faff62ca2054477a9506dcb1a7aba1fdf9ed83ceb320e2167247b999b63",
        "filename": "ThaumicTinkerer-2.5-1.7.10-158.jar"
      },
      {
        "signature": "sha256:7b2c87e74b955ce5998064369df78d1b2fabe4ca02e4a150214d92d422c4dc90",
        "filename": "gasesFramework-1.0.6-1.7.10.jar"
      },
      {
        "signature": "sha256:69ee4aabb1bdf4b152d36ce95fdd99814500afb8524a289817fbaa2064a72503",
        "filename": "BiomesOPlenty-1.7.10-2.1.0.985-universal.jar"
      },
      {
        "signature": "sha256:7c4eec58875ae6346facdaad1a9c17d338f1d4e10a6c31f0744cfd1a823eaa70",
        "filename": "CodeChickenLib-1.7.10-1.1.1.95-universal.jar"
      },
      {
        "signature": "sha256:61029147c87bde0dd793157c9e8f9cf97314a0f067d9e5f933290de81a921f08",
        "filename": "OpenComponents-MC1.7.10-0.2.0.15-universal.jar"
      },
      {
        "signature": "sha256:4be593a37556e29e80c1d94de20b4c0628ac21e986dd3034caae1be9025feef3",
        "filename": "ExtraTiC-1.7.10-1.0.3.jar"
      },
      {
        "signature": "sha256:f99b1c4d3659eee9615f92b96df7ed7bf16cbb2bf5a0d8d48b0811dd68609952",
        "filename": "infinitubes-59.0.1.jar"
      },
      {
        "signature": "sha256:5a70753eaa7e0fb8781971dc1ad7c6b5895beca794b24b994e6e3cd69e41b2d2",
        "filename": "Eureka-1.7.10-1.2.jar"
      },
      {
        "signature": "sha256:029fd5785ddbe98c7e7658e833c033846456ca45ec121c713fc873f17e7280b6",
        "filename": "MekanismGenerators-1.7.10-7.1.0.92.jar"
      },
      {
        "signature": "sha256:5eb555679f189b8d77be2599ac2816b4d8a608566d504b638b9f02a086d10813",
        "filename": "AlchemicalBling-1.1.1.7-universal.jar"
      },
      {
        "signature": "sha256:0160c0af61b471e21be8e4bb6e5fbba058ebe825d206c306c5f239a20f8ca00a",
        "filename": "cloudstorage-59.0.1.jar"
      },
      {
        "signature": "sha256:5bddadf8f52a2dd0313f490130c9bb7541df3cc348f93665596f6dba739fd8e0",
        "filename": "IC2LaserFix-1.7.10.jar"
      },
      {
        "signature": "sha256:8772f727448b8c68785331ae051cb5d80ac6ade14b36646eed101f621356b1b1",
        "filename": "OpenEye-0.6-1.7.10.jar"
      },
      {
        "signature": "sha256:9ff0f57dcd1d4ce4f77016e311d907f01e7976b84b8a2c42672842e386906422",
        "filename": "Blood Magic-v1.2.0Beta16(1.7.10).jar"
      },
      {
        "signature": "sha256:6b6c3a9611563746e4490e80d9a6c7645ad56eabfc62fa0bf818b8caae4f9445",
        "filename": "Necromancy-1.7.10.jar"
      },
      {
        "signature": "sha256:574ec3cbf42d6001b8153c87458d2ea881df2321853dc3915845cd18c1a74ebf",
        "filename": "Enchiridion-1.7.X-1.2b.jar"
      },
      {
        "signature": "sha256:fd073221eea48d22788640613eea8cac05510cc8eae6e59eb6077c8d5c23fd26",
        "filename": "Technomancy 0.8.1.jar"
      },
      {
        "signature": "sha256:beeadbede9b48c8ca3dbdde3e203f4a28c0045e87f1de9844e7a336068d145b8",
        "filename": "HydCraft-1.7.10-2.0-59.jar"
      },
      {
        "signature": "sha256:0f16252aea3ee4109fbe5761f5f5c1693b637402b9ae0081de93b6b9621b663f",
        "filename": "Automagy-1.7.10-0.8.1.jar"
      },
      {
        "signature": "sha256:9f82112c231a57db59ceadc9e28ed984227a64b0cde90b91418783f6e9a93e8a",
        "filename": "ic2nc-1.7.10-1.7.10.06.jar"
      },
      {
        "signature": "sha256:688cd8acd33460ee42b9a9aa31ce3d45706684f76efe12cc6ee92f7b625b2991",
        "filename": "MetallurgyCore-1.7.10-4.0.3.11.jar"
      },
      {
        "signature": "sha256:40d15125863944059941271fc57dcb5cddd84e31263dcc83a32910aa94b60ebd",
        "filename": "Quadrum-1.7.10-1.2.0.B13-universal.jar"
      },
      {
        "signature": "sha256:3ff5ca066c726e1c8befd24c33c9b887487ffbedb44334265720950a619ae29b",
        "filename": "ThermalExpansion-[1.7.10]4.0.0B5-13.jar"
      },
      {
        "signature": "sha256:510e5f0fdd4840fdddb9dfd8b526847631e0afef3e7b3fd0ed1961f235c7aafa",
        "filename": "buildcraft-6.0.18.jar"
      },
      {
        "signature": "sha256:239637889bf45dec8c9bf67235e091c2d2fac86e777bb384e16a4b3efec7c094",
        "filename": "EvilCraft-1.7.10-0.5.2b.jar"
      },
      {
        "signature": "sha256:9c27da0ad7317ed8a2f19352be16c7d4e571efb94edda3b68b531d6e753d67d2",
        "filename": "ModTweaker-1.7.X-0.5d.jar"
      },
      {
        "signature": "sha256:cb712c33075c06c8a720e9303ee87e2f44662790fe38f7066c1ece8eda919363",
        "filename": "Ultratech-1.7.10-0.9.5.3.jar"
      },
      {
        "signature": "sha256:20db925cd59b1c79b59deb36436fa2d466975b2c25735183cd50f7b6df387768",
        "filename": "FlaxbeardsSteamPower-1.7.10-0.26.2.jar"
      },
      {
        "signature": "sha256:d371c656a2cc630a4eee5dda52f267a7304a70dd3915d664d72ff0cb6f838b41",
        "filename": "RemoteIO-1.7.10-1.1.1-b26-universal.jar"
      },
      {
        "signature": "sha256:27ed47c2fa10dd162a328dab6dfadf53fcf3ecc1727e9d0829d37946e7df51ae",
        "filename": "Opis-1.2.3_1.7.10.jar"
      },
      {
        "signature": "sha256:0cda38da9d53014f9561211af69e5043d4b83cbebe6887d1feaa44469a44dab7",
        "filename": "PneumaticCraft-1.2.6.jar"
      },
      {
        "signature": "sha256:aaab94b8a4977c762493abaefd066b91ceff3a6001cf3ff3ef4cbc27076f3618",
        "filename": "extrautilities-1.1.0k.jar"
      },
      {
        "signature": "sha256:c750e122e25740820cf5fd292db9bd9a1e3b297d4473dc270003cea81153d615",
        "filename": "TooMuchLoot-1.7.10-3.0.1.B22-universal.jar"
      },
      {
        "signature": "sha256:f5b8b352407144e8a489844d132143a1b4a81163976461ec956d0f8473f17072",
        "filename": "StevesCarts2.0.0.b17.jar"
      },
      {
        "signature": "sha256:b4333453a5a4a480964d19c022225d824bafa403608b1f565344cad92bc665f3",
        "filename": "immibis-core-59.0.2.jar"
      },
      {
        "signature": "sha256:f6e85646e18db639729b36b2e86d4a17b8cebde2ef7d5d48cc169a78db5d3196",
        "filename": "TConstruct_mc1.7.10_1.6.0d40.1.jar"
      },
      {
        "signature": "sha256:130c8198e2c930917fb1a66dfc7227a0a6745109f04c9043af83bcafe06a49ca",
        "filename": "NotEnoughItems-1.7.10-1.0.2.15-universal.jar"
      },
      {
        "signature": "sha256:45c709dff0ec7e6e53ddf6717c03ee40f48e6beac472cf2cb1dc003c330a5b42",
        "filename": "gasesCore-1.5.2-1.7.10.jar"
      },
      {
        "signature": "sha256:698a494b311b9d5625aab01aaa7b54161de8f1cfff4d30041a0ac88388eea449",
        "filename": "Botania r1.2-112.jar"
      },
      {
        "signature": "sha256:ff2908fb5f87b93630db7a02177d8ff216ff234e4189e5a3974a18048c036af9",
        "filename": "FZAddons-1.7-1.0.0.jar"
      },
      {
        "signature": "sha256:9a5d46485bb9e51f56fa42b33faa2e6008a6d47eda3d30d72dd252d14e37ac45",
        "filename": "OpenPeripheralAddons-1.7.10-0.2.0-snapshot-122.jar"
      },
      {
        "signature": "sha256:e08e73974e25a1eac1895718718c3e1b1b4b2f1ba5e0682780047b42eb5ba5d9",
        "filename": "logisticspipes-0.8.0.51.jar"
      },
      {
        "signature": "sha256:d5da57e89ef9773d5078fbe4ea2cc246a0c9fb48ed956195b9a33eaad39cfdac",
        "filename": "EnderTech-1.7.10-0.2.0.319.jar"
      },
      {
        "signature": "sha256:a0250933fe8cc6a44eb098016d4dadaba7746a27efc3d5a7f4f4c9bf247cfe09",
        "filename": "ejml-0.23.jar"
      },
      {
        "signature": "sha256:4f9a8f30e32703b6a49de22aefe8ca8a74ec63bff2826b85dce6a956008d4670",
        "filename": "witchery-1.7.10-0.20.5.jar"
      },
      {
        "signature": "sha256:f10a0ddef0c8a87ce599e46f28b5522b554041ad76da6df7fec7b6aec2d54ae2",
        "filename": "mffs-4.1.0.23-core.jar"
      },
      {
        "signature": "sha256:5f37e3ce0bb61f247fd3b51bd8402553c702b73b30354182820a97fcc3eea672",
        "filename": "thaumicenergistics-0.6.5b.jar"
      },
      {
        "signature": "sha256:66b44e97f2c0a05e773e0542d2d7572211803f658a116b55d144b11a8330fc18",
        "filename": "Thaumcraft-1.7.10-4.2.0.1.jar"
      },
      {
        "signature": "sha256:e1c69aedaa6968c3ff2a5df96f3ee024acad30572a26d8bf741caa69998313df",
        "filename": "MobiusCore-1.2.3_1.7.10.jar"
      },
      {
        "signature": "sha256:dccb14ee0c6dbc99a785fd90d0706b491061a254e3ca1be9eccddd7b7b5acf19",
        "filename": "OpenBlocks-1.7.10-1.3-snapshot-433.jar"
      },
      {
        "signature": "sha256:0f085d7704075316f11eaa56166ba583b97438f647999f34882ba5be62b62979",
        "filename": "fabricator-1.7.10-1.1.1.44-universal.jar"
      },
      {
        "signature": "sha256:0ab2667dd1cd60a2bbc5dbb4bd4fc90d0414262417e2d9285ce6f13fc4b6cbd8",
        "filename": "EnderIO-1.7.10-2.0.4.211.jar"
      },
      {
        "signature": "sha256:59e779a1388106f2e864a2f46a1f6eec798d0cf1ea000dd8c4e37aa7deb5001c",
        "filename": "gendustry-mc1710-1.3.3.21.jar"
      },
      {
        "signature": "sha256:510efb4591969b4edad89d1d2cb51bcb5e37a6944d6c042315a3235aaa3453e4",
        "filename": "MSM-SNAP-3.0.0b-For-MC-1.7.10.jar"
      },
      {
        "signature": "sha256:6d723b4de99e440e8fefcbbe989e486f2b31af51b2f3928fb801ea057125ab0f",
        "filename": "Railcraft_1.7.10-9.2.2.0.jar"
      },
      {
        "signature": "sha256:7c4eec58875ae6346facdaad1a9c17d338f1d4e10a6c31f0744cfd1a823eaa70",
        "filename": "CodeChickenLib-1.7.10-1.1.1.95-universal.jar"
      },
      {
        "signature": "sha256:6edfae77ce408327aeeb033f98e4e5ea4335631f00f8a98bf5966eb4b7f745f3",
        "filename": "BluePower-1.7.10-0.1.708-universal.jar"
      },
      {
        "signature": "sha256:2c32fbd3aa702401da4dc7cfd9ca0f657117f4db0dae0e9649987b7aacac6299",
        "filename": "SecurityCraft v1.6.0 for 1.7.10.jar"
      },
      {
        "signature": "sha256:81190f8d12a484445499da745ffdd86b01f41e75f3835461cb696bc6276fec78",
        "filename": "SimplyJetpacks-MC1.7.10-1.1.0.jar"
      },
      {
        "signature": "sha256:44e7a60e2f87d83ede2f115c6f3749e331b201474eb0f68c05c6e22f2db52629",
        "filename": "ComputerCraft1.64pr4.jar"
      }
    ],
    "addedSignatures": [
      "sha256:9615ea4bf215d660dd465d27b290991f83db380200422d6033abeaa3f574a60e",
      "sha256:5eb555679f189b8d77be2599ac2816b4d8a608566d504b638b9f02a086d10813",
      "sha256:31ebaec8d2e5af4c8bb7401f9edd0d194a94c7dcfc9ed158eaef1ea0afc88eb8",
      "sha256:2c32fbd3aa702401da4dc7cfd9ca0f657117f4db0dae0e9649987b7aacac6299",
      "sha256:aed0a91f3f8bb306ca06a1800ab16737d82e9cd92b10a6856f7f9ca18d493910",
      "sha256:8302bd70cb57b75058dcad3e4d1c980d4ce717ed9e66ab06f4ef41f1c576ac84",
      "sha256:ba9ebf5c4f2df9b33a0336a639c097c0eef5ab2f53fe2e721ef8b885bffa7805",
      "sha256:0f16252aea3ee4109fbe5761f5f5c1693b637402b9ae0081de93b6b9621b663f",
      "sha256:cb712c33075c06c8a720e9303ee87e2f44662790fe38f7066c1ece8eda919363",
      "sha256:32a7448bd613742414166489c681ce805ed28c4985fa63c636a3e6ca8643c570",
      "sha256:66b44e97f2c0a05e773e0542d2d7572211803f658a116b55d144b11a8330fc18",
      "sha256:d3129fe29ea6b076a6dd42246f05521eb5275b88eb967cef8e946921087a60f7",
      "sha256:668ddff6ed10926a1ac667fb43b310d8ef2b6b272acafde32aef0d85db3e2858",
      "sha256:61029147c87bde0dd793157c9e8f9cf97314a0f067d9e5f933290de81a921f08",
      "sha256:698a494b311b9d5625aab01aaa7b54161de8f1cfff4d30041a0ac88388eea449",
      "sha256:59e779a1388106f2e864a2f46a1f6eec798d0cf1ea000dd8c4e37aa7deb5001c",
      "sha256:fd073221eea48d22788640613eea8cac05510cc8eae6e59eb6077c8d5c23fd26",
      "sha256:dfaa0ec18708c8e9ac0585ac6a6ecb1f05030569b5b0ee4a8a0294168440a9a7",
      "sha256:53e0326c79d4edd5d7637cd21403b0373b8c3de2ca647bed1005907de836dcbc",
      "sha256:452c6277f50d8dff91fee60591f694404932376f910e4c31da61c0e3c321b90c",
      "sha256:55dfd86410fae33ac968682b46bac63a30fe2cf379dc13d5dd0af7cb021787c2",
      "sha256:9a5d46485bb9e51f56fa42b33faa2e6008a6d47eda3d30d72dd252d14e37ac45",
      "sha256:9a22e8bf2a2230d355b59f424d81f5d28040283d36bed91ea222f380ea6db6c2",
      "sha256:f83faaa25fae6c80d697e494ac9c99b821b99a122dc34365a562348eeb49d27d",
      "sha256:715b60a1eff967a6e2abf47df76c1dccd54fbae0f1bc08f749aa5e3f356838ee",
      "sha256:39ae914d807cd7fbd321daab84af9a6615718d63e3d9cbb7c3a7e2ef76cfc8e9",
      "sha256:130c8198e2c930917fb1a66dfc7227a0a6745109f04c9043af83bcafe06a49ca",
      "sha256:81190f8d12a484445499da745ffdd86b01f41e75f3835461cb696bc6276fec78",
      "sha256:e08e73974e25a1eac1895718718c3e1b1b4b2f1ba5e0682780047b42eb5ba5d9",
      "sha256:a0250933fe8cc6a44eb098016d4dadaba7746a27efc3d5a7f4f4c9bf247cfe09",
      "sha256:29b8420b6b9658201615077c882e465e54e34efaa85a1e8fa55a942707192ec0",
      "sha256:0ab2667dd1cd60a2bbc5dbb4bd4fc90d0414262417e2d9285ce6f13fc4b6cbd8",
      "sha256:b4333453a5a4a480964d19c022225d824bafa403608b1f565344cad92bc665f3",
      "sha256:7135209ae9d41c778590bb77800d6596f438780b6e90f2eed7c31696063a53c0",
      "sha256:f99b1c4d3659eee9615f92b96df7ed7bf16cbb2bf5a0d8d48b0811dd68609952",
      "sha256:d371c656a2cc630a4eee5dda52f267a7304a70dd3915d664d72ff0cb6f838b41",
      "sha256:239637889bf45dec8c9bf67235e091c2d2fac86e777bb384e16a4b3efec7c094",
      "sha256:5a70753eaa7e0fb8781971dc1ad7c6b5895beca794b24b994e6e3cd69e41b2d2",
      "sha256:503cb4404a1e6eedea6cf52c35ddc188ef944f4a94ef8a2b466720a3e68ab496",
      "sha256:beeadbede9b48c8ca3dbdde3e203f4a28c0045e87f1de9844e7a336068d145b8",
      "sha256:d5da57e89ef9773d5078fbe4ea2cc246a0c9fb48ed956195b9a33eaad39cfdac",
      "sha256:7c4eec58875ae6346facdaad1a9c17d338f1d4e10a6c31f0744cfd1a823eaa70",
      "sha256:dccb14ee0c6dbc99a785fd90d0706b491061a254e3ca1be9eccddd7b7b5acf19",
      "sha256:9ff0f57dcd1d4ce4f77016e311d907f01e7976b84b8a2c42672842e386906422",
      "sha256:52da468343c7357fc3c9661b7218ac8e25c8e24f962c1a1c9eb8021f3d6cdcb3",
      "sha256:132e80dfe53c2b42d7a59cfb98ef3b78b4f6185e5ab894fd331c370aa22f4e70",
      "sha256:3ff5ca066c726e1c8befd24c33c9b887487ffbedb44334265720950a619ae29b",
      "sha256:ee4dc93ab27b06e4fcc9b8128cc53627faa767fca9ff09bc7ecd153f65d94efb",
      "sha256:100eb7ba89cea4c51fe6aa72ec6da28132556d920d945ac18d09575239b9f0f3",
      "sha256:baf8ed6e119afccf0bc3a27c144576c952660443473b0ac31624012c7c9e092e",
      "sha256:48c840235b3aed87c769f655fc71e732916ea764a593e2d9b334bd74d6bc499d",
      "sha256:469872fff9e172600ad0eb77c78c91b741360b7a8c93c0bbb62ae341d8e66acb",
      "sha256:688b8faff62ca2054477a9506dcb1a7aba1fdf9ed83ceb320e2167247b999b63",
      "sha256:5bddadf8f52a2dd0313f490130c9bb7541df3cc348f93665596f6dba739fd8e0",
      "sha256:9c27da0ad7317ed8a2f19352be16c7d4e571efb94edda3b68b531d6e753d67d2",
      "sha256:6edfae77ce408327aeeb033f98e4e5ea4335631f00f8a98bf5966eb4b7f745f3",
      "sha256:27ed47c2fa10dd162a328dab6dfadf53fcf3ecc1727e9d0829d37946e7df51ae",
      "sha256:726f8889c2610f3b96f07615a63f898608c49409a400108d942a25166665fdc1",
      "sha256:5aac09e16c0f8bac776aea9abc876b6a47460c3bab420a5090e26db8d8e53d60",
      "sha256:0cda38da9d53014f9561211af69e5043d4b83cbebe6887d1feaa44469a44dab7",
      "sha256:8979a07b1748bea2fa26fe2c3c83a07ddc5139f0e7ce3fd2cb71c45403cb3e77",
      "sha256:4be593a37556e29e80c1d94de20b4c0628ac21e986dd3034caae1be9025feef3",
      "sha256:9f82112c231a57db59ceadc9e28ed984227a64b0cde90b91418783f6e9a93e8a",
      "sha256:2bc20a85683ad696f8a3bb6e97cd92a03e79f7138c4d9eebc32425709264bddc",
      "sha256:0160c0af61b471e21be8e4bb6e5fbba058ebe825d206c306c5f239a20f8ca00a",
      "sha256:a18dc5cab8c25aacee227c186ee1e1977a303e63996d4b7488a37f0518101225",
      "sha256:608448e334971faba8ab3c4aec43417789a421d0bd4befcbba2306da852bed5a",
      "sha256:f6f45d3c09ba28f233f0708b084ed72e311d081e0b8961b7efdb87e6d9edc55a",
      "sha256:26e99ec3bd61d4d7e1deb3d255c6e39c7d3febebcaa6caebdaf052c6fae2104c",
      "sha256:6b6c3a9611563746e4490e80d9a6c7645ad56eabfc62fa0bf818b8caae4f9445",
      "sha256:da55777cec94b120aa470272ec35f32fba5ebbeac4c8cfc88cf5a3c9df868ded",
      "sha256:ecc5aba6b8669c331c83204c94296158ba73ca070d1936f815ab5baa8f744516",
      "sha256:029fd5785ddbe98c7e7658e833c033846456ca45ec121c713fc873f17e7280b6",
      "sha256:5f37e3ce0bb61f247fd3b51bd8402553c702b73b30354182820a97fcc3eea672",
      "sha256:aaab94b8a4977c762493abaefd066b91ceff3a6001cf3ff3ef4cbc27076f3618",
      "sha256:35250594eaa4937e8df3187157fcfe42b066a9bebb5d69ae957479e5730f0f25",
      "sha256:f10a0ddef0c8a87ce599e46f28b5522b554041ad76da6df7fec7b6aec2d54ae2",
      "sha256:4f9a8f30e32703b6a49de22aefe8ca8a74ec63bff2826b85dce6a956008d4670",
      "sha256:769985e3a207113e6770e2c972c5463d81d1854a599b4238cbbe6b32630a85d2",
      "sha256:c750e122e25740820cf5fd292db9bd9a1e3b297d4473dc270003cea81153d615",
      "sha256:607eb74add05e89715076f8b2488cc1ab2130422fba809f2d9b248d5438cdae7",
      "sha256:e2a62eafd2ad8876424517b52f327b03c2bdca9e013a5fe5b4e75fe03446a4bf",
      "sha256:f589856eec93d3a109cb36cd1066e6f0b3925baf1a5959f1b699f11370ba1c56",
      "sha256:510e5f0fdd4840fdddb9dfd8b526847631e0afef3e7b3fd0ed1961f235c7aafa",
      "sha256:8fe70abb999d96383a63bffd657f21fec680a6b13850af1943bb46218833de65",
      "sha256:20db925cd59b1c79b59deb36436fa2d466975b2c25735183cd50f7b6df387768",
      "sha256:0f085d7704075316f11eaa56166ba583b97438f647999f34882ba5be62b62979",
      "sha256:f68c5771d3d1e2f47fae80f3ceaf87d437eb6887ba5b0dd9018f258b754a6326",
      "sha256:ff2908fb5f87b93630db7a02177d8ff216ff234e4189e5a3974a18048c036af9",
      "sha256:484fb71a8e516ef1224abfacbd1b2ca0ec6ab00e62ba2725694994da1fec905b",
      "sha256:2dd345961d180fb991be829309677d1ea9d4ef3f7e64b7dd503caccac850449f",
      "sha256:44e7a60e2f87d83ede2f115c6f3749e331b201474eb0f68c05c6e22f2db52629",
      "sha256:8772f727448b8c68785331ae051cb5d80ac6ade14b36646eed101f621356b1b1",
      "sha256:11d61c3b2db408169655a10c7ff2768a20cd74e2864ff46b58e296298dc711c0",
      "sha256:21e2dede0b1b238c8e1a0aff4ea5a2fd509a28d1811d1e84d51763f81cf5d1fb",
      "sha256:ff63ca5144efd3b2a28e3870cadf6be52c8d111360a4bf6fcbf856bc5ee8767c",
      "sha256:510efb4591969b4edad89d1d2cb51bcb5e37a6944d6c042315a3235aaa3453e4",
      "sha256:74b744c16450c5d20b8cfe8ea083fe083b445e6c6ed876d31b4a7e25adcc528e",
      "sha256:9377bd501ce3be8a44466be90e92a553b7659c0a8755fabc9c11857874a94f64",
      "sha256:69ee4aabb1bdf4b152d36ce95fdd99814500afb8524a289817fbaa2064a72503",
      "sha256:45c709dff0ec7e6e53ddf6717c03ee40f48e6beac472cf2cb1dc003c330a5b42",
      "sha256:e569d5713b871e82e77a6da6c37261ebcfa9529d9a1ec9fd9dd950e5ca47c98b",
      "sha256:bd8bb1e16299e8244d8ec7cdeda5404396bafee7b3bfec907d8082e383b7d972",
      "sha256:01148a2f34ed56f515bca7c3f250e6a11e5b23712b3c35f98e8dcc8e1da3b60c",
      "sha256:389b75eb3b6b61a363136f21fac6b8f55b3dcef3b3c52ad26409cf02cc34367c",
      "sha256:b587e4091d88a0ef889fccd2826d0565b89216b9552fdc24482d80146ebe0ecf",
      "sha256:574ec3cbf42d6001b8153c87458d2ea881df2321853dc3915845cd18c1a74ebf",
      "sha256:f5b8b352407144e8a489844d132143a1b4a81163976461ec956d0f8473f17072",
      "sha256:9eedde453ebfc4b78789dbbf8febaa5748d20abefc4e85042d8052be308bd7de",
      "sha256:688cd8acd33460ee42b9a9aa31ce3d45706684f76efe12cc6ee92f7b625b2991",
      "sha256:f6e85646e18db639729b36b2e86d4a17b8cebde2ef7d5d48cc169a78db5d3196",
      "sha256:ea4034873db481138b8a723542c76755f188510b5528fcf7a905561e6d074730",
      "sha256:6d723b4de99e440e8fefcbbe989e486f2b31af51b2f3928fb801ea057125ab0f",
      "sha256:230ffd0d9803950099e675ea476736035c7629d84c2aee51f34d8f7c85c5d77a",
      "sha256:7b2c87e74b955ce5998064369df78d1b2fabe4ca02e4a150214d92d422c4dc90",
      "sha256:ef067ae9c76085f79a3c99ebdc0feca2210f464d167e409ab8fa5a081acc022b",
      "sha256:b886a32d2a8102e36e89e726721dfe1602ff115677fbe43da8ece99ae9e7bacb",
      "sha256:e1c69aedaa6968c3ff2a5df96f3ee024acad30572a26d8bf741caa69998313df",
      "sha256:40d15125863944059941271fc57dcb5cddd84e31263dcc83a32910aa94b60ebd"
    ],
    "removedSignatures": [],
    "workTime": 5914318.5,
    "language": "n/a",
    "locale": "en_US",
    "timezone": "America/Los_Angeles",
    "branding": [
      "Minecraft 1.7.10",
      "MCP v9.05",
      "FML v7.10.25.1207",
      "Minecraft Forge 10.13.0.1207",
      "156 mods loaded, 156 mods active"
    ],
    "runtime": {
      "mcp": "MCP v9.05",
      "fml": "7.10.25.1207",
      "forge": "10.13.0.1207"
    },
    "minecraft": "Minecraft 1.7.10",
    "javaVersion": "Oracle Corporation 1.8.0_05",
    "side": "server",
    "obfuscated": true,
    "type": "analytics"
  },
  {
    "timestamp": 1409701189783,
    "location": "crash_handler",
    "exception": {
      "stack": [
        {
          "class": "cpw.mods.fml.common.Loader",
          "method": "identifyDuplicates",
          "file": "Loader.java",
          "line": 386
        },
        {
          "class": "cpw.mods.fml.common.Loader",
          "method": "identifyMods",
          "file": "Loader.java",
          "line": 348
        },
        {
          "class": "cpw.mods.fml.common.Loader",
          "method": "loadMods",
          "file": "Loader.java",
          "line": 468
        },
        {
          "class": "cpw.mods.fml.server.FMLServerHandler",
          "method": "beginServerLoading",
          "file": "FMLServerHandler.java",
          "line": 87
        },
        {
          "class": "cpw.mods.fml.common.FMLCommonHandler",
          "method": "onServerStart",
          "file": "FMLCommonHandler.java",
          "line": 317
        },
        {
          "class": "net.minecraft.server.dedicated.DedicatedServer",
          "method": "func_71197_b",
          "file": "DedicatedServer.java",
          "line": 170
        },
        {
          "class": "net.minecraft.server.MinecraftServer",
          "method": "run",
          "file": "MinecraftServer.java",
          "line": 620
        },
        {
          "class": "java.lang.Thread",
          "method": "run",
          "line": -1
        }
      ],
      "exception": "cpw.mods.fml.common.DuplicateModsFoundException",
      "message": ""
    },
    "random": 1794658227,
    "resolved": false,
    "branding": [
      "Minecraft 1.7.10",
      "MCP v9.05",
      "FML v7.10.25.1207",
      "Minecraft Forge 10.13.0.1207",
      "162 mods loaded, 0 mods active"
    ],
    "runtime": {
      "mcp": "MCP v9.05",
      "fml": "7.10.25.1207",
      "forge": "10.13.0.1207"
    },
    "minecraft": "Minecraft 1.7.10",
    "javaVersion": "Oracle Corporation 1.8.0_05",
    "side": "server",
    "obfuscated": true,
    "type": "crashlog"
  },
  {
    "timestamp": 1409701104029,
    "location": "crash_handler",
    "exception": {
      "stack": [
        {
          "class": "cpw.mods.fml.common.Loader",
          "method": "identifyDuplicates",
          "file": "Loader.java",
          "line": 386
        },
        {
          "class": "cpw.mods.fml.common.Loader",
          "method": "identifyMods",
          "file": "Loader.java",
          "line": 348
        },
        {
          "class": "cpw.mods.fml.common.Loader",
          "method": "loadMods",
          "file": "Loader.java",
          "line": 468
        },
        {
          "class": "cpw.mods.fml.server.FMLServerHandler",
          "method": "beginServerLoading",
          "file": "FMLServerHandler.java",
          "line": 87
        },
        {
          "class": "cpw.mods.fml.common.FMLCommonHandler",
          "method": "onServerStart",
          "file": "FMLCommonHandler.java",
          "line": 317
        },
        {
          "class": "net.minecraft.server.dedicated.DedicatedServer",
          "method": "func_71197_b",
          "file": "DedicatedServer.java",
          "line": 170
        },
        {
          "class": "net.minecraft.server.MinecraftServer",
          "method": "run",
          "file": "MinecraftServer.java",
          "line": 620
        },
        {
          "class": "java.lang.Thread",
          "method": "run",
          "line": -1
        }
      ],
      "exception": "cpw.mods.fml.common.DuplicateModsFoundException",
      "message": ""
    },
    "random": 1800094436,
    "resolved": false,
    "branding": [
      "Minecraft 1.7.10",
      "MCP v9.05",
      "FML v7.10.25.1207",
      "Minecraft Forge 10.13.0.1207",
      "163 mods loaded, 0 mods active"
    ],
    "runtime": {
      "mcp": "MCP v9.05",
      "fml": "7.10.25.1207",
      "forge": "10.13.0.1207"
    },
    "minecraft": "Minecraft 1.7.10",
    "javaVersion": "Oracle Corporation 1.8.0_05",
    "side": "server",
    "obfuscated": true,
    "type": "crashlog"
  }
]